Febrero;;Artigas;;;;Colonia;;;;;;Salto;;;;;;;Rocha;;;;;;;Treinta y Tres;;;;;Soriano;;;;;;Canelones;;;;;;;;;;;;;;;;;;;;;Florida;;;;;;;;Cerro Largo;;;;Flores;;San Jose;;;;;;;;;Lavalleja;;;;;Rio Negro;;;;;;;;Tacuarembo;;;;;;;Durazno;;;;;;;;;Rivera;;;;;;Maldonado;;;;;;;Montevideo;;;;;;;;;;;;;;;;;;;;;;;;;;;;;;;;;;Paysandu;;
; Vacunas recibidas;16;;;;25;;;;;;33;;;;;;;16;;;;;;;8;;;;;25;;;;;;135;;;;;;;;;;;;;;;;;;;;;16;;;;;;;;25;;;;8;;25;;;;;;;;;16;;;;;16;;;;;;;;25;;;;;;;16;;;;;;;;;25;;;;;;42;;;;;;;347;;;;;;;;;;;;;;;;;;;;;;;;;;;;;;;;;;25;;
 ; ;Hospital ASSESubCP Bella Union;Centro Tisiologico;Auditorio Municipal;Salon Comunal;Hospital Samuel Berton CHLA-EP;Centro Auxiliar ASSE;Hospital Evangelico;Hospital ASSE;Sede secundaria CCOU;Hospital ASSE CP Rosario;Villa Constitucion ASSE;Villa Constitucion Policlinica ASSE;Sindicato Medico ;Valetin Policlinica Local;LOCAL COMERCIAL Dr Soca y Brasil;HOSPITAL DE AGUDOS;Belen Policlinica CAM;Hospital del chuy;Hospital Castillos;Hospital Lascano;COMERO; Centro Cultural La Paloma;Hospital Rocha;Hospital Chuy;Hospoital Vergara;Centro Social Democratico;Estadio Municipal Centro Empleados de Comercio;Santa Clara del Olimar Centro Auxiliar de ASSE;La Charqueada Policlinica de ASSE;Hospital Dolores;Hospital Dolores 2;Mercedes CHLAEP;Cardona CAMS;Circulo Catolico Cardona;Dolores CAMS;Vista Linda Centro de barrio;MUCAM;Country ASSE;Asoc. Espanola;Centro Salud ASSE;CAAMEPA;SAPP;Salvador Allende;Centro Cultural Casa Artigas;SMI;Municipio;Hospital Pando;COMECA;Las Piedras Circulo Catolico;Club Social;Centro Auxiliar;Aeropuerto Auto Vacunatorio;CRAMI;Polideportivo IMM Las Piedras;ASSE;CP Canelones;Cerro Colorado Policlinica;Mendoza Grande Policlinica ASSE;Hospital ASSE CP Florida CHLAEP;Capilla del Sauce Policlinica;Sub CP Sdi Grande ASSE;Club 25 de agosto;Casupa Policlinica ASSE;Policlinico COMEF;UTU Gimnasio;Club Uruguay;Plaza de Deportes;Policlinica de ASSE;Ismael Cortinas Policlinica ASSE;Plaza de Deportes;Colonia Etchepare;Comision profomento Delta del Tigre;Local ex Garelli;Club de Jubilados y Pensionistas;Ciudad Rodriguez Plaza de Deportes ;Centro Proteccion de Choferes;Club de abuelos y adultos mayores;Policlinica AMSJ;Libertad Hospital ASSE;Jose Pedro varela Centro Auxiliar;Local espacio adolescente;Jose Batlle y Ordonez Centro Auxiliar;Mariscala Policliinica CAMDEL;Minas Estadio Municipal;Plaza Las Mujeres;Young CAMY Pediatria;Young Policlinica de ASSE;Bellaco Policlinica de ASSE;Fray Bentos Hospital ASSE;San Javier Policlinia de ASSE;Pazo de la Cruz Policlinica de ASSE;Policlinica de ASSElaza Las Mujeres;Hospital de Tacuarembo ;COMPLEJO BARRIOS AMORÍN;Clinica Fisioterapia;Paso de los Toros COMTA;Villa Ansina Municipio ;Las Toscas de Caraguata Polideportivo ;San Gregorio de Polanco Centro de Salud ;CP Durazno CHALEP;CAMEDUR;Hospital Dr. Emilio Penza;Sub CP Sarandi del Yi CHLAEP;Villa del Carmen Policlinica;Policlinica Blanquillo;La Paloma Policlinica;Villa del Carmen Policlinica 2;San Jorge Policlinica;Casa de la Cultura;Hospital ASSE Minas de Corrales;COMERI;CASMER;Vichadero Policlinica ASSE;Tranqueras Policlinica de ASSE;HTAL AIGUA;Pueblo Eden Centro Comunal;Policlinica AMDM-IAMPP;CAMPUS Puesto;CEDEMCAR;Jose Ignacio Policlinica de ASSE;Hospital Pan de Azucar;ANTEL ARENA 1;Hospital Militar;ANTEL ARENA 2;UNIVERSAL;Hospital de Clinicas C;Hospital de Clinicas B;Hospital de Clinicas A;Hospital Pereira Rossell;Asociacion Espanola;ANTEL ARENA 3;C.A.P. Grupo de Artilleria No. 1;Hospital Policial;ANTEL ARENA 4;Rural del Prado;ANTEL ARENA 5;Centro de Salud Cerro;Fondo Nacional de Recursos;Colegio Medico;CASMU;Sanatorio Casa de Galicia;COSEM Malvin;Circulo Catolico;Hospital Evangelico;Asociacion Espanola 2;Hospital Britanico;SMI IMPASA;CUDAM;C.A.P. Brigada de Infanteria No. 1;Policlinica Zully Sanchez;Hospital Maciel;IMM Complejo CRECE;Medica Uruguaya;FFSP;Hospital Pasteur;Guichon Centro Auxiliar;Quebracho Policlinica;CP Paysandu CHLAEP
 ;de Riesgo;0;0;0;0;0;0;0;0;0;0;0;0;0;0;0;0;0;0;0;0;0;0;0;0;0;0;0;0;0;0;0;0;0;0;0;0;0;0;0;0;0;0;0;0;0;0;0;0;0;0;0;0;0;0;0;0;0;0;0;0;0;0;0;0;0;0;0;0;0;0;0;0;0;0;0;0;0;0;0;0;0;0;0;0;0;0;0;0;0;0;0;0;0;0;0;0;0;0;0;0;0;0;0;0;0;0;0;0;0;0;0;0;0;0;0;0;0;0;0;0;0;0;0;0;0;0;0;0;0;0;0;0;0;0;0;0;0;0;0;0;0;0;0;0;0;0;0;0;0;0;0;0;0;0;0;0;0;0
 ;RANGO > 90 anos;0;0;0;0;0;0;0;0;0;0;0;0;0;0;0;0;0;0;0;0;0;0;0;0;0;0;0;0;0;0;0;0;0;0;0;0;0;0;0;0;0;0;0;0;0;0;0;0;0;0;0;0;0;0;0;0;0;0;0;0;0;0;0;0;0;0;0;0;0;0;0;0;0;0;0;0;0;0;0;0;0;0;0;0;0;0;0;0;0;0;0;0;0;0;0;0;0;0;0;0;0;0;0;0;0;0;0;0;0;0;0;0;0;0;0;0;0;0;0;0;0;0;0;0;0;0;0;0;0;0;0;0;0;0;0;0;0;0;0;0;0;0;0;0;0;0;0;0;0;0;0;0;0;0;0;0;0;0
 ;RANGO > 80 anos;0;0;0;0;0;0;0;0;0;0;0;0;0;0;0;0;0;0;0;0;0;0;0;0;0;0;0;0;0;0;0;0;0;0;0;0;0;0;0;0;0;0;0;0;0;0;0;0;0;0;0;0;0;0;0;0;0;0;0;0;0;0;0;0;0;0;0;0;0;0;0;0;0;0;0;0;0;0;0;0;0;0;0;0;0;0;0;0;0;0;0;0;0;0;0;0;0;0;0;0;0;0;0;0;0;0;0;0;0;0;0;0;0;0;0;0;0;0;0;0;0;0;0;0;0;0;0;0;0;0;0;0;0;0;0;0;0;0;0;0;0;0;0;0;0;0;0;0;0;0;0;0;0;0;0;0;0;0
 ;RANGO > 75 anos;0;0;0;0;0;0;0;0;0;0;0;0;0;0;0;0;0;0;0;0;0;0;0;0;0;0;0;0;0;0;0;0;0;0;0;0;0;0;0;0;0;0;0;0;0;0;0;0;0;0;0;0;0;0;0;0;0;0;0;0;0;0;0;0;0;0;0;0;0;0;0;0;0;0;0;0;0;0;0;0;0;0;0;0;0;0;0;0;0;0;0;0;0;0;0;0;0;0;0;0;0;0;0;0;0;0;0;0;0;0;0;0;0;0;0;0;0;0;0;0;0;0;0;0;0;0;0;0;0;0;0;0;0;0;0;0;0;0;0;0;0;0;0;0;0;0;0;0;0;0;0;0;0;0;0;0;0;0
 ;RANGO > 60 anos;0;0;0;0;0;0;0;0;0;0;0;0;0;0;0;0;0;0;0;0;0;0;0;0;0;0;0;0;0;0;0;0;0;0;0;0;0;0;0;0;0;0;0;0;0;0;0;0;0;0;0;0;0;0;0;0;0;0;0;0;0;0;0;0;0;0;0;0;0;0;0;0;0;0;0;0;0;0;0;0;0;0;0;0;0;0;0;0;0;0;0;0;0;0;0;0;0;0;0;0;0;0;0;0;0;0;0;0;0;0;0;0;0;0;0;0;0;0;0;0;0;0;0;0;0;0;0;0;0;0;0;0;0;0;0;0;0;0;0;0;0;0;0;0;0;0;0;0;0;0;0;0;0;0;0;0;0;0
 ;RANGO > 40 anos;0;0;0;0;0;0;0;0;0;0;0;0;0;0;0;0;0;0;0;0;0;0;0;0;0;0;0;0;0;0;0;0;0;0;0;0;0;0;0;0;0;0;0;0;0;0;0;0;0;0;0;0;0;0;0;0;0;0;0;0;0;0;0;0;0;0;0;0;0;0;0;0;0;0;0;0;0;0;0;0;0;0;0;0;0;0;0;0;0;0;0;0;0;0;0;0;0;0;0;0;0;0;0;0;0;0;0;0;0;0;0;0;0;0;0;0;0;0;0;0;0;0;0;0;0;0;0;0;0;0;0;0;0;0;0;0;0;0;0;0;0;0;0;0;0;0;0;0;0;0;0;0;0;0;0;0;0;0
 ;RANGO > 18 anos;0;0;0;0;0;0;0;0;0;0;0;0;0;0;0;0;0;0;0;0;0;0;0;0;0;0;0;0;0;0;0;0;0;0;0;0;0;0;0;0;0;0;0;0;0;0;0;0;0;0;0;0;0;0;0;0;0;0;0;0;0;0;0;0;0;0;0;0;0;0;0;0;0;0;0;0;0;0;0;0;0;0;0;0;0;0;0;0;0;0;0;0;0;0;0;0;0;0;0;0;0;0;0;0;0;0;0;0;0;0;0;0;0;0;0;0;0;0;0;0;0;0;0;0;0;0;0;0;0;0;0;0;0;0;0;0;0;0;0;0;0;0;0;0;0;0;0;0;0;0;0;0;0;0;0;0;0;0
 ;Total 1era Dosis;0;0;0;0;0;0;0;0;0;0;0;0;0;0;0;0;0;0;0;0;0;0;0;0;0;0;0;0;0;0;0;0;0;0;0;0;0;0;0;0;0;0;0;0;0;0;0;0;0;0;0;0;0;0;0;0;0;0;0;0;0;0;0;0;0;0;0;0;0;0;0;0;0;0;0;0;0;0;0;0;0;0;0;0;0;0;0;0;0;0;0;0;0;0;0;0;0;0;0;0;0;0;0;0;0;0;0;0;0;0;0;0;0;0;0;0;0;0;0;0;0;0;0;0;0;0;0;0;0;0;0;0;0;0;0;0;0;0;0;0;0;0;0;0;0;0;0;0;0;0;0;0;0;0;0;0;0;0
 ;Total 2da Dosis;0;0;0;0;0;0;0;0;0;0;0;0;0;0;0;0;0;0;0;0;0;0;0;0;0;0;0;0;0;0;0;0;0;0;0;0;0;0;0;0;0;0;0;0;0;0;0;0;0;0;0;0;0;0;0;0;0;0;0;0;0;0;0;0;0;0;0;0;0;0;0;0;0;0;0;0;0;0;0;0;0;0;0;0;0;0;0;0;0;0;0;0;0;0;0;0;0;0;0;0;0;0;0;0;0;0;0;0;0;0;0;0;0;0;0;0;0;0;0;0;0;0;0;0;0;0;0;0;0;0;0;0;0;0;0;0;0;0;0;0;0;0;0;0;0;0;0;0;0;0;0;0;0;0;0;0;0;0
 ;Acumulado Solicitudes Recibidas: 10000;;;;;;;;;;;;;;;;;;;;;;;;;;;;;;;;;;;;;;;;;;;;;;;;;;;;;;;;;;;;;;;;;;;;;;;;;;;;;;;;;;;;;;;;;;;;;;;;;;;;;;;;;;;;;;;;;;;;;;;;;;;;;;;;;;;;;;;;;;;;;;;;;;;;;;;;;;;;;;
Marzo;;Artigas;;;;Colonia;;;;;;Salto;;;;;;;Rocha;;;;;;;Treinta y Tres;;;;;Soriano;;;;;;Canelones;;;;;;;;;;;;;;;;;;;;;Florida;;;;;;;;Cerro Largo;;;;Flores;;San Jose;;;;;;;;;Lavalleja;;;;;Rio Negro;;;;;;;;Tacuarembo;;;;;;;Durazno;;;;;;;;;Rivera;;;;;;Maldonado;;;;;;;Montevideo;;;;;;;;;;;;;;;;;;;;;;;;;;;;;;;;;;Paysandu;;
; Vacunas recibidas;148;;;;224;;;;;;298;;;;;;;148;;;;;;;74;;;;;224;;;;;;1202;;;;;;;;;;;;;;;;;;;;;148;;;;;;;;224;;;;74;;224;;;;;;;;;148;;;;;148;;;;;;;;224;;;;;;;148;;;;;;;;;224;;;;;;375;;;;;;;3040;;;;;;;;;;;;;;;;;;;;;;;;;;;;;;;;;;224;;
 ; ;Hospital ASSESubCP Bella Union;Centro Tisiologico;Auditorio Municipal;Salon Comunal;Hospital Samuel Berton CHLA-EP;Centro Auxiliar ASSE;Hospital Evangelico;Hospital ASSE;Sede secundaria CCOU;Hospital ASSE CP Rosario;Villa Constitucion ASSE;Villa Constitucion Policlinica ASSE;Sindicato Medico ;Valetin Policlinica Local;LOCAL COMERCIAL Dr Soca y Brasil;HOSPITAL DE AGUDOS;Belen Policlinica CAM;Hospital del chuy;Hospital Castillos;Hospital Lascano;COMERO; Centro Cultural La Paloma;Hospital Rocha;Hospital Chuy;Hospoital Vergara;Centro Social Democratico;Estadio Municipal Centro Empleados de Comercio;Santa Clara del Olimar Centro Auxiliar de ASSE;La Charqueada Policlinica de ASSE;Hospital Dolores;Hospital Dolores 2;Mercedes CHLAEP;Cardona CAMS;Circulo Catolico Cardona;Dolores CAMS;Vista Linda Centro de barrio;MUCAM;Country ASSE;Asoc. Espanola;Centro Salud ASSE;CAAMEPA;SAPP;Salvador Allende;Centro Cultural Casa Artigas;SMI;Municipio;Hospital Pando;COMECA;Las Piedras Circulo Catolico;Club Social;Centro Auxiliar;Aeropuerto Auto Vacunatorio;CRAMI;Polideportivo IMM Las Piedras;ASSE;CP Canelones;Cerro Colorado Policlinica;Mendoza Grande Policlinica ASSE;Hospital ASSE CP Florida CHLAEP;Capilla del Sauce Policlinica;Sub CP Sdi Grande ASSE;Club 25 de agosto;Casupa Policlinica ASSE;Policlinico COMEF;UTU Gimnasio;Club Uruguay;Plaza de Deportes;Policlinica de ASSE;Ismael Cortinas Policlinica ASSE;Plaza de Deportes;Colonia Etchepare;Comision profomento Delta del Tigre;Local ex Garelli;Club de Jubilados y Pensionistas;Ciudad Rodriguez Plaza de Deportes ;Centro Proteccion de Choferes;Club de abuelos y adultos mayores;Policlinica AMSJ;Libertad Hospital ASSE;Jose Pedro varela Centro Auxiliar;Local espacio adolescente;Jose Batlle y Ordonez Centro Auxiliar;Mariscala Policliinica CAMDEL;Minas Estadio Municipal;Plaza Las Mujeres;Young CAMY Pediatria;Young Policlinica de ASSE;Bellaco Policlinica de ASSE;Fray Bentos Hospital ASSE;San Javier Policlinia de ASSE;Pazo de la Cruz Policlinica de ASSE;Policlinica de ASSElaza Las Mujeres;Hospital de Tacuarembo ;COMPLEJO BARRIOS AMORÍN;Clinica Fisioterapia;Paso de los Toros COMTA;Villa Ansina Municipio ;Las Toscas de Caraguata Polideportivo ;San Gregorio de Polanco Centro de Salud ;CP Durazno CHALEP;CAMEDUR;Hospital Dr. Emilio Penza;Sub CP Sarandi del Yi CHLAEP;Villa del Carmen Policlinica;Policlinica Blanquillo;La Paloma Policlinica;Villa del Carmen Policlinica 2;San Jorge Policlinica;Casa de la Cultura;Hospital ASSE Minas de Corrales;COMERI;CASMER;Vichadero Policlinica ASSE;Tranqueras Policlinica de ASSE;HTAL AIGUA;Pueblo Eden Centro Comunal;Policlinica AMDM-IAMPP;CAMPUS Puesto;CEDEMCAR;Jose Ignacio Policlinica de ASSE;Hospital Pan de Azucar;ANTEL ARENA 1;Hospital Militar;ANTEL ARENA 2;UNIVERSAL;Hospital de Clinicas C;Hospital de Clinicas B;Hospital de Clinicas A;Hospital Pereira Rossell;Asociacion Espanola;ANTEL ARENA 3;C.A.P. Grupo de Artilleria No. 1;Hospital Policial;ANTEL ARENA 4;Rural del Prado;ANTEL ARENA 5;Centro de Salud Cerro;Fondo Nacional de Recursos;Colegio Medico;CASMU;Sanatorio Casa de Galicia;COSEM Malvin;Circulo Catolico;Hospital Evangelico;Asociacion Espanola 2;Hospital Britanico;SMI IMPASA;CUDAM;C.A.P. Brigada de Infanteria No. 1;Policlinica Zully Sanchez;Hospital Maciel;IMM Complejo CRECE;Medica Uruguaya;FFSP;Hospital Pasteur;Guichon Centro Auxiliar;Quebracho Policlinica;CP Paysandu CHLAEP
 ;de Riesgo;6;6;4;4;6;8;4;4;4;4;5;6;5;6;6;6;6;3;3;3;3;2;4;2;2;3;3;1;1;5;3;8;5;5;4;6;7;6;16;8;8;6;6;7;6;5;8;8;6;5;14;7;7;8;8;8;2;2;3;2;3;2;3;3;8;7;8;7;5;5;4;4;4;2;2;4;2;4;4;4;4;4;4;4;2;3;3;2;4;2;2;2;4;5;5;4;4;4;4;3;2;2;3;2;2;2;2;2;5;5;5;5;5;5;7;7;7;8;7;7;7;2;1;2;2;1;1;1;0;0;2;1;1;2;0;2;2;0;0;2;0;1;2;0;1;1;1;2;0;0;2;1;0;0;0;3;3;3
 ;RANGO > 90 anos;6;7;8;8;3;8;4;4;3;4;6;6;6;5;6;6;5;3;2;2;4;3;2;3;3;2;3;3;3;5;5;10;5;5;5;8;9;8;16;8;8;9;9;9;9;8;8;8;9;8;18;9;9;8;8;8;3;3;3;3;2;3;2;3;7;7;6;7;3;4;3;3;3;4;4;3;4;3;3;4;3;4;4;4;3;3;3;4;3;4;3;3;4;4;4;5;5;4;5;3;3;3;2;3;3;2;2;2;7;6;6;7;6;6;10;10;10;10;11;10;11;0;0;0;0;0;0;0;0;0;0;0;0;0;0;0;0;0;0;0;0;0;0;0;0;0;0;0;0;0;0;0;0;0;0;0;0;0
 ;RANGO > 80 anos;2;2;1;1;6;11;6;6;5;6;2;2;2;2;2;2;3;3;2;2;2;2;3;2;1;1;0;0;0;1;2;4;1;1;1;0;1;0;2;1;1;0;0;1;0;1;1;1;0;1;1;1;1;1;1;1;3;3;3;3;3;3;3;2;6;6;7;7;3;3;2;2;2;1;1;2;1;2;2;4;4;4;3;4;2;2;2;1;2;2;2;2;3;3;3;2;2;3;2;3;2;2;3;2;2;3;3;3;3;3;3;3;3;3;7;7;6;7;6;7;7;0;0;0;0;0;0;0;0;0;0;0;0;0;0;0;0;0;0;0;0;0;0;0;0;0;0;0;0;0;0;0;0;0;0;0;0;0
 ;RANGO > 75 anos;0;0;0;0;0;0;0;0;0;0;0;0;0;0;0;0;0;0;0;0;0;0;0;0;0;0;0;0;0;0;0;0;0;0;0;0;0;0;0;0;0;0;0;0;0;0;0;0;0;0;0;0;0;0;0;0;0;0;0;0;0;0;0;0;0;0;0;0;0;0;0;0;0;0;0;0;0;0;0;0;0;0;0;0;0;0;0;0;0;0;0;0;0;0;0;0;0;0;0;0;0;0;0;0;0;0;0;0;0;0;0;0;0;0;0;0;0;0;0;0;0;0;0;0;0;0;0;0;0;0;0;0;0;0;0;0;0;0;0;0;0;0;0;0;0;0;0;0;0;0;0;0;0;0;0;0;0;0
 ;RANGO > 60 anos;0;0;0;0;0;0;0;0;0;0;0;0;0;0;0;0;0;0;0;0;0;0;0;0;0;0;0;0;0;0;0;0;0;0;0;0;0;0;0;0;0;0;0;0;0;0;0;0;0;0;0;0;0;0;0;0;0;0;0;0;0;0;0;0;0;0;0;0;0;0;0;0;0;0;0;0;0;0;0;0;0;0;0;0;0;0;0;0;0;0;0;0;0;0;0;0;0;0;0;0;0;0;0;0;0;0;0;0;0;0;0;0;0;0;0;0;0;0;0;0;0;0;0;0;0;0;0;0;0;0;0;0;0;0;0;0;0;0;0;0;0;0;0;0;0;0;0;0;0;0;0;0;0;0;0;0;0;0
 ;RANGO > 40 anos;0;0;0;0;0;0;0;0;0;0;0;0;0;0;0;0;0;0;0;0;0;0;0;0;0;0;0;0;0;0;0;0;0;0;0;0;0;0;0;0;0;0;0;0;0;0;0;0;0;0;0;0;0;0;0;0;0;0;0;0;0;0;0;0;0;0;0;0;0;0;0;0;0;0;0;0;0;0;0;0;0;0;0;0;0;0;0;0;0;0;0;0;0;0;0;0;0;0;0;0;0;0;0;0;0;0;0;0;0;0;0;0;0;0;0;0;0;0;0;0;0;0;0;0;0;0;0;0;0;0;0;0;0;0;0;0;0;0;0;0;0;0;0;0;0;0;0;0;0;0;0;0;0;0;0;0;0;0
 ;RANGO > 18 anos;0;0;0;0;0;0;0;0;0;0;0;0;0;0;0;0;0;0;0;0;0;0;0;0;0;0;0;0;0;0;0;0;0;0;0;0;0;0;0;0;0;0;0;0;0;0;0;0;0;0;0;0;0;0;0;0;0;0;0;0;0;0;0;0;0;0;0;0;0;0;0;0;0;0;0;0;0;0;0;0;0;0;0;0;0;0;0;0;0;0;0;0;0;0;0;0;0;0;0;0;0;0;0;0;0;0;0;0;0;0;0;0;0;0;0;0;0;0;0;0;0;0;0;0;0;0;0;0;0;0;0;0;0;0;0;0;0;0;0;0;0;0;0;0;0;0;0;0;0;0;0;0;0;0;0;0;0;0
 ;Total 1era Dosis;14;15;13;13;15;27;14;14;12;14;13;14;13;13;14;14;14;9;7;7;9;7;9;7;6;6;6;4;4;11;10;22;11;11;10;14;17;14;34;17;17;15;15;17;15;14;17;17;15;14;33;17;17;17;17;17;8;8;9;8;8;8;8;8;21;20;21;21;11;12;9;9;9;7;7;9;7;9;9;12;11;12;11;12;7;8;8;7;9;8;7;7;11;12;12;11;11;11;11;9;7;7;8;7;7;7;7;7;15;14;14;15;14;14;24;24;23;25;24;24;25;2;1;2;2;1;1;1;0;0;2;1;1;2;0;2;2;0;0;2;0;1;2;0;1;1;1;2;0;0;2;1;0;0;0;3;3;3
 ;Total 2da Dosis;0;0;0;0;0;0;0;0;0;0;0;0;0;0;0;0;0;0;0;0;0;0;0;0;0;0;0;0;0;0;0;0;0;0;0;0;0;0;0;0;0;0;0;0;0;0;0;0;0;0;0;0;0;0;0;0;0;0;0;0;0;0;0;0;0;0;0;0;0;0;0;0;0;0;0;0;0;0;0;0;0;0;0;0;0;0;0;0;0;0;0;0;0;0;0;0;0;0;0;0;0;0;0;0;0;0;0;0;0;0;0;0;0;0;0;0;0;0;0;0;0;0;0;0;0;0;0;0;0;0;0;0;0;0;0;0;0;0;0;0;0;0;0;0;0;0;0;0;0;0;0;0;0;0;0;0;0;0
 ;Acumulado Solicitudes Recibidas: 20000;;;;;;;;;;;;;;;;;;;;;;;;;;;;;;;;;;;;;;;;;;;;;;;;;;;;;;;;;;;;;;;;;;;;;;;;;;;;;;;;;;;;;;;;;;;;;;;;;;;;;;;;;;;;;;;;;;;;;;;;;;;;;;;;;;;;;;;;;;;;;;;;;;;;;;;;;;;;;;
Abril;;Artigas;;;;Colonia;;;;;;Salto;;;;;;;Rocha;;;;;;;Treinta y Tres;;;;;Soriano;;;;;;Canelones;;;;;;;;;;;;;;;;;;;;;Florida;;;;;;;;Cerro Largo;;;;Flores;;San Jose;;;;;;;;;Lavalleja;;;;;Rio Negro;;;;;;;;Tacuarembo;;;;;;;Durazno;;;;;;;;;Rivera;;;;;;Maldonado;;;;;;;Montevideo;;;;;;;;;;;;;;;;;;;;;;;;;;;;;;;;;;Paysandu;;
; Vacunas recibidas;4;;;;6;;;;;;8;;;;;;;4;;;;;;;2;;;;;6;;;;;;33;;;;;;;;;;;;;;;;;;;;;4;;;;;;;;6;;;;2;;6;;;;;;;;;4;;;;;4;;;;;;;;6;;;;;;;4;;;;;;;;;6;;;;;;10;;;;;;;90;;;;;;;;;;;;;;;;;;;;;;;;;;;;;;;;;;6;;
 ; ;Hospital ASSESubCP Bella Union;Centro Tisiologico;Auditorio Municipal;Salon Comunal;Hospital Samuel Berton CHLA-EP;Centro Auxiliar ASSE;Hospital Evangelico;Hospital ASSE;Sede secundaria CCOU;Hospital ASSE CP Rosario;Villa Constitucion ASSE;Villa Constitucion Policlinica ASSE;Sindicato Medico ;Valetin Policlinica Local;LOCAL COMERCIAL Dr Soca y Brasil;HOSPITAL DE AGUDOS;Belen Policlinica CAM;Hospital del chuy;Hospital Castillos;Hospital Lascano;COMERO; Centro Cultural La Paloma;Hospital Rocha;Hospital Chuy;Hospoital Vergara;Centro Social Democratico;Estadio Municipal Centro Empleados de Comercio;Santa Clara del Olimar Centro Auxiliar de ASSE;La Charqueada Policlinica de ASSE;Hospital Dolores;Hospital Dolores 2;Mercedes CHLAEP;Cardona CAMS;Circulo Catolico Cardona;Dolores CAMS;Vista Linda Centro de barrio;MUCAM;Country ASSE;Asoc. Espanola;Centro Salud ASSE;CAAMEPA;SAPP;Salvador Allende;Centro Cultural Casa Artigas;SMI;Municipio;Hospital Pando;COMECA;Las Piedras Circulo Catolico;Club Social;Centro Auxiliar;Aeropuerto Auto Vacunatorio;CRAMI;Polideportivo IMM Las Piedras;ASSE;CP Canelones;Cerro Colorado Policlinica;Mendoza Grande Policlinica ASSE;Hospital ASSE CP Florida CHLAEP;Capilla del Sauce Policlinica;Sub CP Sdi Grande ASSE;Club 25 de agosto;Casupa Policlinica ASSE;Policlinico COMEF;UTU Gimnasio;Club Uruguay;Plaza de Deportes;Policlinica de ASSE;Ismael Cortinas Policlinica ASSE;Plaza de Deportes;Colonia Etchepare;Comision profomento Delta del Tigre;Local ex Garelli;Club de Jubilados y Pensionistas;Ciudad Rodriguez Plaza de Deportes ;Centro Proteccion de Choferes;Club de abuelos y adultos mayores;Policlinica AMSJ;Libertad Hospital ASSE;Jose Pedro varela Centro Auxiliar;Local espacio adolescente;Jose Batlle y Ordonez Centro Auxiliar;Mariscala Policliinica CAMDEL;Minas Estadio Municipal;Plaza Las Mujeres;Young CAMY Pediatria;Young Policlinica de ASSE;Bellaco Policlinica de ASSE;Fray Bentos Hospital ASSE;San Javier Policlinia de ASSE;Pazo de la Cruz Policlinica de ASSE;Policlinica de ASSElaza Las Mujeres;Hospital de Tacuarembo ;COMPLEJO BARRIOS AMORÍN;Clinica Fisioterapia;Paso de los Toros COMTA;Villa Ansina Municipio ;Las Toscas de Caraguata Polideportivo ;San Gregorio de Polanco Centro de Salud ;CP Durazno CHALEP;CAMEDUR;Hospital Dr. Emilio Penza;Sub CP Sarandi del Yi CHLAEP;Villa del Carmen Policlinica;Policlinica Blanquillo;La Paloma Policlinica;Villa del Carmen Policlinica 2;San Jorge Policlinica;Casa de la Cultura;Hospital ASSE Minas de Corrales;COMERI;CASMER;Vichadero Policlinica ASSE;Tranqueras Policlinica de ASSE;HTAL AIGUA;Pueblo Eden Centro Comunal;Policlinica AMDM-IAMPP;CAMPUS Puesto;CEDEMCAR;Jose Ignacio Policlinica de ASSE;Hospital Pan de Azucar;ANTEL ARENA 1;Hospital Militar;ANTEL ARENA 2;UNIVERSAL;Hospital de Clinicas C;Hospital de Clinicas B;Hospital de Clinicas A;Hospital Pereira Rossell;Asociacion Espanola;ANTEL ARENA 3;C.A.P. Grupo de Artilleria No. 1;Hospital Policial;ANTEL ARENA 4;Rural del Prado;ANTEL ARENA 5;Centro de Salud Cerro;Fondo Nacional de Recursos;Colegio Medico;CASMU;Sanatorio Casa de Galicia;COSEM Malvin;Circulo Catolico;Hospital Evangelico;Asociacion Espanola 2;Hospital Britanico;SMI IMPASA;CUDAM;C.A.P. Brigada de Infanteria No. 1;Policlinica Zully Sanchez;Hospital Maciel;IMM Complejo CRECE;Medica Uruguaya;FFSP;Hospital Pasteur;Guichon Centro Auxiliar;Quebracho Policlinica;CP Paysandu CHLAEP
 ;de Riesgo;6;6;4;4;6;8;4;4;4;4;5;6;5;6;6;6;6;3;3;3;3;2;4;2;2;3;3;1;1;5;3;8;5;5;4;6;7;6;16;8;8;6;6;7;6;5;8;8;6;5;14;7;7;8;8;8;2;2;3;2;3;2;3;3;8;7;8;7;5;5;4;4;4;2;2;4;2;4;4;4;4;4;4;4;2;3;3;2;4;2;2;2;4;5;5;4;4;4;4;3;2;2;3;2;2;2;2;2;5;5;5;5;5;5;7;7;7;8;7;7;7;11;9;11;11;9;9;9;8;8;11;9;9;11;8;11;11;6;8;10;8;9;10;6;9;9;9;11;8;8;11;9;8;8;8;12;12;12
 ;RANGO > 90 anos;6;7;8;8;3;8;4;4;3;4;6;6;6;5;6;6;5;3;2;2;4;3;2;3;3;2;3;3;3;5;5;10;5;5;5;8;9;8;16;8;8;9;9;9;9;8;8;8;9;8;18;9;9;8;8;8;3;3;3;3;2;3;2;3;7;7;6;7;3;4;3;3;3;4;4;3;4;3;3;4;3;4;4;4;3;3;3;4;3;4;3;3;4;4;4;5;5;4;5;3;3;3;2;3;3;2;2;2;7;6;6;7;6;6;10;10;10;10;11;10;11;0;0;0;0;0;0;0;0;0;0;0;0;0;0;0;0;0;0;0;0;0;0;0;0;0;0;0;0;0;0;0;0;0;0;0;0;0
 ;RANGO > 80 anos;6;6;5;4;6;11;6;6;5;6;5;6;5;5;6;6;7;4;2;3;3;2;4;2;3;3;2;1;2;4;5;12;4;4;4;11;14;11;28;15;14;13;11;14;13;12;14;14;13;12;27;14;14;14;14;15;3;3;4;3;3;3;3;2;6;6;7;7;3;3;4;4;4;2;2;4;3;4;4;4;4;4;3;4;3;3;3;2;3;3;2;2;5;6;5;4;4;5;4;5;2;2;3;2;2;3;3;3;7;6;6;7;6;6;7;7;6;7;6;7;7;0;0;0;0;0;0;0;0;0;0;0;0;0;0;0;0;0;0;0;0;0;0;0;0;0;0;0;0;0;0;0;0;0;0;0;0;0
 ;RANGO > 75 anos;0;0;0;1;2;4;2;2;1;2;4;3;4;4;3;3;3;1;2;1;1;1;1;2;0;0;0;1;0;3;2;5;3;3;2;1;2;1;4;1;2;2;1;2;2;1;2;2;2;1;4;2;2;2;2;1;1;0;0;1;1;1;1;1;3;2;3;3;1;2;1;1;2;2;2;2;1;2;2;2;1;2;1;2;1;2;2;1;2;2;2;2;3;3;4;4;3;3;3;2;1;1;2;1;1;1;1;1;2;3;3;2;3;3;4;4;4;5;4;4;5;0;0;0;0;0;0;0;0;0;0;0;0;0;0;0;0;0;0;0;0;0;0;0;0;0;0;0;0;0;0;0;0;0;0;0;0;0
 ;RANGO > 60 anos;0;0;0;0;0;0;0;0;0;0;0;0;0;0;0;0;0;0;0;0;0;0;0;0;0;0;0;0;0;0;0;0;0;0;0;0;0;0;0;0;0;0;0;0;0;0;0;0;0;0;0;0;0;0;0;0;0;0;0;0;0;0;0;0;0;0;0;0;0;0;0;0;0;0;0;0;0;0;0;0;0;0;0;0;0;0;0;0;0;0;0;0;0;0;0;0;0;0;0;0;0;0;0;0;0;0;0;0;0;0;0;0;0;0;0;0;0;0;0;0;0;0;0;0;0;0;0;0;0;0;0;0;0;0;0;0;0;0;0;0;0;0;0;0;0;0;0;0;0;0;0;0;0;0;0;0;0;0
 ;RANGO > 40 anos;0;0;0;0;0;0;0;0;0;0;0;0;0;0;0;0;0;0;0;0;0;0;0;0;0;0;0;0;0;0;0;0;0;0;0;0;0;0;0;0;0;0;0;0;0;0;0;0;0;0;0;0;0;0;0;0;0;0;0;0;0;0;0;0;0;0;0;0;0;0;0;0;0;0;0;0;0;0;0;0;0;0;0;0;0;0;0;0;0;0;0;0;0;0;0;0;0;0;0;0;0;0;0;0;0;0;0;0;0;0;0;0;0;0;0;0;0;0;0;0;0;0;0;0;0;0;0;0;0;0;0;0;0;0;0;0;0;0;0;0;0;0;0;0;0;0;0;0;0;0;0;0;0;0;0;0;0;0
 ;RANGO > 18 anos;0;0;0;0;0;0;0;0;0;0;0;0;0;0;0;0;0;0;0;0;0;0;0;0;0;0;0;0;0;0;0;0;0;0;0;0;0;0;0;0;0;0;0;0;0;0;0;0;0;0;0;0;0;0;0;0;0;0;0;0;0;0;0;0;0;0;0;0;0;0;0;0;0;0;0;0;0;0;0;0;0;0;0;0;0;0;0;0;0;0;0;0;0;0;0;0;0;0;0;0;0;0;0;0;0;0;0;0;0;0;0;0;0;0;0;0;0;0;0;0;0;0;0;0;0;0;0;0;0;0;0;0;0;0;0;0;0;0;0;0;0;0;0;0;0;0;0;0;0;0;0;0;0;0;0;0;0;0
 ;Total 1era Dosis;4;4;4;4;2;4;2;2;1;2;7;7;7;7;7;7;7;2;2;2;2;1;2;2;2;2;2;2;2;6;5;12;6;6;5;7;9;7;18;9;9;9;7;9;9;7;9;9;9;7;18;9;9;9;9;9;1;0;1;1;1;1;1;1;3;2;3;3;1;2;3;3;4;3;3;4;3;4;4;2;1;2;1;2;2;3;3;2;3;3;2;2;5;6;6;6;5;5;5;3;1;1;2;1;1;1;1;1;6;6;6;6;6;6;4;4;4;5;4;4;5;5;4;5;5;4;4;4;4;4;5;4;4;5;4;5;5;3;4;4;4;4;4;3;4;4;4;5;4;4;5;4;4;4;4;5;5;5
 ;Total 2da Dosis;14;15;13;13;15;27;14;14;12;14;13;14;13;13;14;14;14;9;7;7;9;7;9;7;6;6;6;4;4;11;10;23;11;11;10;19;23;19;46;23;23;21;20;23;21;19;23;23;21;19;45;23;23;23;23;23;8;8;9;8;8;8;8;8;21;20;21;21;11;12;9;9;9;7;7;9;7;9;9;12;11;12;11;12;7;8;8;7;9;8;7;7;11;12;12;11;11;11;11;10;7;7;8;7;7;7;7;7;15;14;14;15;14;14;24;24;23;25;24;24;25;6;5;6;6;5;5;5;4;4;6;5;5;6;4;6;6;3;4;6;4;5;6;3;5;5;5;6;4;4;6;5;4;4;4;7;7;7
 ;Acumulado Solicitudes Recibidas: 30000;;;;;;;;;;;;;;;;;;;;;;;;;;;;;;;;;;;;;;;;;;;;;;;;;;;;;;;;;;;;;;;;;;;;;;;;;;;;;;;;;;;;;;;;;;;;;;;;;;;;;;;;;;;;;;;;;;;;;;;;;;;;;;;;;;;;;;;;;;;;;;;;;;;;;;;;;;;;;;
Mayo;;Artigas;;;;Colonia;;;;;;Salto;;;;;;;Rocha;;;;;;;Treinta y Tres;;;;;Soriano;;;;;;Canelones;;;;;;;;;;;;;;;;;;;;;Florida;;;;;;;;Cerro Largo;;;;Flores;;San Jose;;;;;;;;;Lavalleja;;;;;Rio Negro;;;;;;;;Tacuarembo;;;;;;;Durazno;;;;;;;;;Rivera;;;;;;Maldonado;;;;;;;Montevideo;;;;;;;;;;;;;;;;;;;;;;;;;;;;;;;;;;Paysandu;;
; Vacunas recibidas;149;;;;224;;;;;;299;;;;;;;149;;;;;;;74;;;;;224;;;;;;1206;;;;;;;;;;;;;;;;;;;;;149;;;;;;;;224;;;;74;;224;;;;;;;;;149;;;;;149;;;;;;;;224;;;;;;;149;;;;;;;;;224;;;;;;376;;;;;;;3063;;;;;;;;;;;;;;;;;;;;;;;;;;;;;;;;;;224;;
 ; ;Hospital ASSESubCP Bella Union;Centro Tisiologico;Auditorio Municipal;Salon Comunal;Hospital Samuel Berton CHLA-EP;Centro Auxiliar ASSE;Hospital Evangelico;Hospital ASSE;Sede secundaria CCOU;Hospital ASSE CP Rosario;Villa Constitucion ASSE;Villa Constitucion Policlinica ASSE;Sindicato Medico ;Valetin Policlinica Local;LOCAL COMERCIAL Dr Soca y Brasil;HOSPITAL DE AGUDOS;Belen Policlinica CAM;Hospital del chuy;Hospital Castillos;Hospital Lascano;COMERO; Centro Cultural La Paloma;Hospital Rocha;Hospital Chuy;Hospoital Vergara;Centro Social Democratico;Estadio Municipal Centro Empleados de Comercio;Santa Clara del Olimar Centro Auxiliar de ASSE;La Charqueada Policlinica de ASSE;Hospital Dolores;Hospital Dolores 2;Mercedes CHLAEP;Cardona CAMS;Circulo Catolico Cardona;Dolores CAMS;Vista Linda Centro de barrio;MUCAM;Country ASSE;Asoc. Espanola;Centro Salud ASSE;CAAMEPA;SAPP;Salvador Allende;Centro Cultural Casa Artigas;SMI;Municipio;Hospital Pando;COMECA;Las Piedras Circulo Catolico;Club Social;Centro Auxiliar;Aeropuerto Auto Vacunatorio;CRAMI;Polideportivo IMM Las Piedras;ASSE;CP Canelones;Cerro Colorado Policlinica;Mendoza Grande Policlinica ASSE;Hospital ASSE CP Florida CHLAEP;Capilla del Sauce Policlinica;Sub CP Sdi Grande ASSE;Club 25 de agosto;Casupa Policlinica ASSE;Policlinico COMEF;UTU Gimnasio;Club Uruguay;Plaza de Deportes;Policlinica de ASSE;Ismael Cortinas Policlinica ASSE;Plaza de Deportes;Colonia Etchepare;Comision profomento Delta del Tigre;Local ex Garelli;Club de Jubilados y Pensionistas;Ciudad Rodriguez Plaza de Deportes ;Centro Proteccion de Choferes;Club de abuelos y adultos mayores;Policlinica AMSJ;Libertad Hospital ASSE;Jose Pedro varela Centro Auxiliar;Local espacio adolescente;Jose Batlle y Ordonez Centro Auxiliar;Mariscala Policliinica CAMDEL;Minas Estadio Municipal;Plaza Las Mujeres;Young CAMY Pediatria;Young Policlinica de ASSE;Bellaco Policlinica de ASSE;Fray Bentos Hospital ASSE;San Javier Policlinia de ASSE;Pazo de la Cruz Policlinica de ASSE;Policlinica de ASSElaza Las Mujeres;Hospital de Tacuarembo ;COMPLEJO BARRIOS AMORÍN;Clinica Fisioterapia;Paso de los Toros COMTA;Villa Ansina Municipio ;Las Toscas de Caraguata Polideportivo ;San Gregorio de Polanco Centro de Salud ;CP Durazno CHALEP;CAMEDUR;Hospital Dr. Emilio Penza;Sub CP Sarandi del Yi CHLAEP;Villa del Carmen Policlinica;Policlinica Blanquillo;La Paloma Policlinica;Villa del Carmen Policlinica 2;San Jorge Policlinica;Casa de la Cultura;Hospital ASSE Minas de Corrales;COMERI;CASMER;Vichadero Policlinica ASSE;Tranqueras Policlinica de ASSE;HTAL AIGUA;Pueblo Eden Centro Comunal;Policlinica AMDM-IAMPP;CAMPUS Puesto;CEDEMCAR;Jose Ignacio Policlinica de ASSE;Hospital Pan de Azucar;ANTEL ARENA 1;Hospital Militar;ANTEL ARENA 2;UNIVERSAL;Hospital de Clinicas C;Hospital de Clinicas B;Hospital de Clinicas A;Hospital Pereira Rossell;Asociacion Espanola;ANTEL ARENA 3;C.A.P. Grupo de Artilleria No. 1;Hospital Policial;ANTEL ARENA 4;Rural del Prado;ANTEL ARENA 5;Centro de Salud Cerro;Fondo Nacional de Recursos;Colegio Medico;CASMU;Sanatorio Casa de Galicia;COSEM Malvin;Circulo Catolico;Hospital Evangelico;Asociacion Espanola 2;Hospital Britanico;SMI IMPASA;CUDAM;C.A.P. Brigada de Infanteria No. 1;Policlinica Zully Sanchez;Hospital Maciel;IMM Complejo CRECE;Medica Uruguaya;FFSP;Hospital Pasteur;Guichon Centro Auxiliar;Quebracho Policlinica;CP Paysandu CHLAEP
 ;de Riesgo;0;0;0;0;0;0;0;0;0;0;0;0;0;0;0;0;0;0;0;0;0;0;0;0;0;0;0;0;0;0;0;0;0;0;0;0;0;0;0;0;0;0;0;0;0;0;0;0;0;0;0;0;0;0;0;0;0;0;0;0;0;0;0;0;0;0;0;0;0;0;0;0;0;0;0;0;0;0;0;0;0;0;0;0;0;0;0;0;0;0;0;0;0;0;0;0;0;0;0;0;0;0;0;0;0;0;0;0;0;0;0;0;0;0;0;0;0;0;0;0;0;4;2;4;4;2;2;2;2;2;4;2;2;4;2;4;4;2;2;3;2;2;3;2;3;2;2;4;2;2;4;3;2;2;2;3;3;3
 ;RANGO > 90 anos;0;0;0;0;0;0;0;0;0;0;0;0;0;0;0;0;0;0;0;0;0;0;0;0;0;0;0;0;0;0;0;0;0;0;0;0;0;0;0;0;0;0;0;0;0;0;0;0;0;0;0;0;0;0;0;0;0;0;0;0;0;0;0;0;0;0;0;0;0;0;0;0;0;0;0;0;0;0;0;0;0;0;0;0;0;0;0;0;0;0;0;0;0;0;0;0;0;0;0;0;0;0;0;0;0;0;0;0;0;0;0;0;0;0;0;0;0;0;0;0;0;0;0;0;0;0;0;0;0;0;0;0;0;0;0;0;0;0;0;0;0;0;0;0;0;0;0;0;0;0;0;0;0;0;0;1;0;1
 ;RANGO > 80 anos;4;4;4;3;0;0;0;0;0;0;3;4;3;3;4;4;4;1;0;1;1;0;1;0;2;2;2;1;2;3;3;6;3;3;3;1;1;1;2;2;1;1;1;1;1;1;1;1;1;1;2;1;1;1;1;2;0;0;1;0;0;0;0;0;0;0;0;0;0;0;2;2;2;1;1;2;2;2;2;0;0;0;0;0;1;1;1;1;1;1;0;0;2;3;2;2;2;2;2;0;0;0;0;0;0;0;0;0;4;3;3;4;3;3;0;0;0;0;0;0;0;0;0;0;0;0;0;0;0;0;0;0;0;0;0;0;0;0;0;0;0;0;0;0;0;0;0;0;0;0;0;0;0;0;0;0;0;0
 ;RANGO > 75 anos;4;4;1;2;3;4;2;3;1;3;4;3;4;4;3;3;3;1;2;1;2;1;2;2;0;0;0;1;0;3;2;5;3;3;2;3;6;3;14;6;7;4;3;7;6;3;7;7;4;3;13;7;6;7;7;6;1;0;3;1;2;1;2;2;6;4;6;5;1;5;1;1;2;2;2;2;1;2;2;2;1;2;1;3;1;2;2;1;2;2;2;2;3;4;4;4;3;3;3;5;1;1;3;1;1;1;1;1;2;3;3;2;3;3;4;4;4;5;4;4;5;0;0;0;0;0;0;0;0;0;0;0;0;0;0;0;0;0;0;0;0;0;0;0;0;0;0;0;0;0;0;0;0;0;0;0;0;0
 ;RANGO > 60 anos;0;1;1;1;3;8;4;3;4;3;7;8;7;8;8;8;8;5;5;5;4;5;4;5;4;4;4;3;4;9;9;17;9;9;9;5;5;5;8;5;5;5;5;4;5;5;5;5;5;5;9;4;5;5;5;5;2;2;2;2;1;2;1;1;6;7;6;7;7;7;5;5;6;5;5;6;5;6;6;7;6;6;6;6;3;4;4;3;4;4;3;3;7;7;8;7;7;7;7;2;2;2;1;2;2;2;2;2;10;9;10;10;9;10;12;12;12;13;13;12;13;0;0;0;0;0;0;0;0;0;0;0;0;0;0;0;0;0;0;0;0;0;0;0;0;0;0;0;0;0;0;0;0;0;0;0;0;0
 ;RANGO > 40 anos;0;0;0;0;0;0;0;0;0;0;0;0;0;0;0;0;0;0;0;0;0;0;0;0;0;0;0;0;0;0;0;0;0;0;0;0;0;0;0;0;0;0;0;0;0;0;0;0;0;0;0;0;0;0;0;0;0;0;0;0;0;0;0;0;0;0;0;0;0;0;0;0;0;0;0;0;0;0;0;0;0;0;0;0;0;0;0;0;0;0;0;0;0;0;0;0;0;0;0;0;0;0;0;0;0;0;0;0;0;0;0;0;0;0;0;0;0;0;0;0;0;0;0;0;0;0;0;0;0;0;0;0;0;0;0;0;0;0;0;0;0;0;0;0;0;0;0;0;0;0;0;0;0;0;0;0;0;0
 ;RANGO > 18 anos;0;0;0;0;0;0;0;0;0;0;0;0;0;0;0;0;0;0;0;0;0;0;0;0;0;0;0;0;0;0;0;0;0;0;0;0;0;0;0;0;0;0;0;0;0;0;0;0;0;0;0;0;0;0;0;0;0;0;0;0;0;0;0;0;0;0;0;0;0;0;0;0;0;0;0;0;0;0;0;0;0;0;0;0;0;0;0;0;0;0;0;0;0;0;0;0;0;0;0;0;0;0;0;0;0;0;0;0;0;0;0;0;0;0;0;0;0;0;0;0;0;0;0;0;0;0;0;0;0;0;0;0;0;0;0;0;0;0;0;0;0;0;0;0;0;0;0;0;0;0;0;0;0;0;0;0;0;0
 ;Total 1era Dosis;3;4;2;2;4;8;4;4;4;4;7;8;7;8;8;8;8;5;5;5;5;5;5;5;4;4;4;3;4;9;9;17;9;9;9;6;7;6;14;8;8;6;6;7;7;6;8;8;6;6;14;7;7;8;8;8;2;2;4;2;2;2;2;2;8;8;8;8;7;9;5;5;6;5;5;6;5;6;6;7;6;6;6;7;3;4;4;3;4;4;3;3;7;8;8;7;7;7;7;4;2;2;2;2;2;2;2;2;10;9;10;10;9;10;12;12;12;13;13;12;13;3;2;3;3;2;2;2;2;2;3;2;2;3;2;3;3;2;2;3;2;2;3;2;3;2;2;3;2;2;3;3;2;2;2;3;2;3
 ;Total 2da Dosis;5;5;4;4;2;4;2;2;1;2;7;7;7;7;7;7;7;2;2;2;2;1;2;2;2;2;2;2;2;6;5;11;6;6;5;3;5;3;10;5;5;4;3;5;5;3;5;5;4;3;10;5;5;5;5;5;1;0;2;1;1;1;1;1;4;3;4;4;1;3;3;3;4;3;3;4;3;4;4;2;1;2;1;2;2;3;3;2;3;3;2;2;5;6;6;6;5;5;5;3;1;1;2;1;1;1;1;1;6;6;6;6;6;6;4;4;4;5;4;4;5;1;0;1;1;0;0;0;0;0;1;0;0;1;0;1;1;0;0;0;0;0;0;0;0;0;0;1;0;0;1;0;0;0;0;1;1;1
 ;Acumulado Solicitudes Recibidas: 40000;;;;;;;;;;;;;;;;;;;;;;;;;;;;;;;;;;;;;;;;;;;;;;;;;;;;;;;;;;;;;;;;;;;;;;;;;;;;;;;;;;;;;;;;;;;;;;;;;;;;;;;;;;;;;;;;;;;;;;;;;;;;;;;;;;;;;;;;;;;;;;;;;;;;;;;;;;;;;;
Junio;;Artigas;;;;Colonia;;;;;;Salto;;;;;;;Rocha;;;;;;;Treinta y Tres;;;;;Soriano;;;;;;Canelones;;;;;;;;;;;;;;;;;;;;;Florida;;;;;;;;Cerro Largo;;;;Flores;;San Jose;;;;;;;;;Lavalleja;;;;;Rio Negro;;;;;;;;Tacuarembo;;;;;;;Durazno;;;;;;;;;Rivera;;;;;;Maldonado;;;;;;;Montevideo;;;;;;;;;;;;;;;;;;;;;;;;;;;;;;;;;;Paysandu;;
; Vacunas recibidas;0;;;;0;;;;;;0;;;;;;;0;;;;;;;0;;;;;0;;;;;;0;;;;;;;;;;;;;;;;;;;;;0;;;;;;;;0;;;;0;;0;;;;;;;;;0;;;;;0;;;;;;;;0;;;;;;;0;;;;;;;;;0;;;;;;0;;;;;;;0;;;;;;;;;;;;;;;;;;;;;;;;;;;;;;;;;;0;;
 ; ;Hospital ASSESubCP Bella Union;Centro Tisiologico;Auditorio Municipal;Salon Comunal;Hospital Samuel Berton CHLA-EP;Centro Auxiliar ASSE;Hospital Evangelico;Hospital ASSE;Sede secundaria CCOU;Hospital ASSE CP Rosario;Villa Constitucion ASSE;Villa Constitucion Policlinica ASSE;Sindicato Medico ;Valetin Policlinica Local;LOCAL COMERCIAL Dr Soca y Brasil;HOSPITAL DE AGUDOS;Belen Policlinica CAM;Hospital del chuy;Hospital Castillos;Hospital Lascano;COMERO; Centro Cultural La Paloma;Hospital Rocha;Hospital Chuy;Hospoital Vergara;Centro Social Democratico;Estadio Municipal Centro Empleados de Comercio;Santa Clara del Olimar Centro Auxiliar de ASSE;La Charqueada Policlinica de ASSE;Hospital Dolores;Hospital Dolores 2;Mercedes CHLAEP;Cardona CAMS;Circulo Catolico Cardona;Dolores CAMS;Vista Linda Centro de barrio;MUCAM;Country ASSE;Asoc. Espanola;Centro Salud ASSE;CAAMEPA;SAPP;Salvador Allende;Centro Cultural Casa Artigas;SMI;Municipio;Hospital Pando;COMECA;Las Piedras Circulo Catolico;Club Social;Centro Auxiliar;Aeropuerto Auto Vacunatorio;CRAMI;Polideportivo IMM Las Piedras;ASSE;CP Canelones;Cerro Colorado Policlinica;Mendoza Grande Policlinica ASSE;Hospital ASSE CP Florida CHLAEP;Capilla del Sauce Policlinica;Sub CP Sdi Grande ASSE;Club 25 de agosto;Casupa Policlinica ASSE;Policlinico COMEF;UTU Gimnasio;Club Uruguay;Plaza de Deportes;Policlinica de ASSE;Ismael Cortinas Policlinica ASSE;Plaza de Deportes;Colonia Etchepare;Comision profomento Delta del Tigre;Local ex Garelli;Club de Jubilados y Pensionistas;Ciudad Rodriguez Plaza de Deportes ;Centro Proteccion de Choferes;Club de abuelos y adultos mayores;Policlinica AMSJ;Libertad Hospital ASSE;Jose Pedro varela Centro Auxiliar;Local espacio adolescente;Jose Batlle y Ordonez Centro Auxiliar;Mariscala Policliinica CAMDEL;Minas Estadio Municipal;Plaza Las Mujeres;Young CAMY Pediatria;Young Policlinica de ASSE;Bellaco Policlinica de ASSE;Fray Bentos Hospital ASSE;San Javier Policlinia de ASSE;Pazo de la Cruz Policlinica de ASSE;Policlinica de ASSElaza Las Mujeres;Hospital de Tacuarembo ;COMPLEJO BARRIOS AMORÍN;Clinica Fisioterapia;Paso de los Toros COMTA;Villa Ansina Municipio ;Las Toscas de Caraguata Polideportivo ;San Gregorio de Polanco Centro de Salud ;CP Durazno CHALEP;CAMEDUR;Hospital Dr. Emilio Penza;Sub CP Sarandi del Yi CHLAEP;Villa del Carmen Policlinica;Policlinica Blanquillo;La Paloma Policlinica;Villa del Carmen Policlinica 2;San Jorge Policlinica;Casa de la Cultura;Hospital ASSE Minas de Corrales;COMERI;CASMER;Vichadero Policlinica ASSE;Tranqueras Policlinica de ASSE;HTAL AIGUA;Pueblo Eden Centro Comunal;Policlinica AMDM-IAMPP;CAMPUS Puesto;CEDEMCAR;Jose Ignacio Policlinica de ASSE;Hospital Pan de Azucar;ANTEL ARENA 1;Hospital Militar;ANTEL ARENA 2;UNIVERSAL;Hospital de Clinicas C;Hospital de Clinicas B;Hospital de Clinicas A;Hospital Pereira Rossell;Asociacion Espanola;ANTEL ARENA 3;C.A.P. Grupo de Artilleria No. 1;Hospital Policial;ANTEL ARENA 4;Rural del Prado;ANTEL ARENA 5;Centro de Salud Cerro;Fondo Nacional de Recursos;Colegio Medico;CASMU;Sanatorio Casa de Galicia;COSEM Malvin;Circulo Catolico;Hospital Evangelico;Asociacion Espanola 2;Hospital Britanico;SMI IMPASA;CUDAM;C.A.P. Brigada de Infanteria No. 1;Policlinica Zully Sanchez;Hospital Maciel;IMM Complejo CRECE;Medica Uruguaya;FFSP;Hospital Pasteur;Guichon Centro Auxiliar;Quebracho Policlinica;CP Paysandu CHLAEP
 ;de Riesgo;0;0;0;0;0;0;0;0;0;0;0;0;0;0;0;0;0;0;0;0;0;0;0;0;0;0;0;0;0;0;0;0;0;0;0;0;0;0;0;0;0;0;0;0;0;0;0;0;0;0;0;0;0;0;0;0;0;0;0;0;0;0;0;0;0;0;0;0;0;0;0;0;0;0;0;0;0;0;0;0;0;0;0;0;0;0;0;0;0;0;0;0;0;0;0;0;0;0;0;0;0;0;0;0;0;0;0;0;0;0;0;0;0;0;0;0;0;0;0;0;0;7;5;7;7;5;5;5;5;5;7;5;5;7;5;7;7;3;5;6;5;5;7;3;6;5;5;7;5;5;7;6;5;3;3;2;2;2
 ;RANGO > 90 anos;0;0;0;0;0;0;0;0;0;0;0;0;0;0;0;0;0;0;0;0;0;0;0;0;0;0;0;0;0;0;0;0;0;0;0;0;0;0;0;0;0;0;0;0;0;0;0;0;0;0;0;0;0;0;0;0;0;0;0;0;0;0;0;0;0;0;0;0;0;0;0;0;0;0;0;0;0;0;0;0;0;0;0;0;0;0;0;0;0;0;0;0;0;0;0;0;0;0;0;0;0;0;0;0;0;0;0;0;0;0;0;0;0;0;0;0;0;0;0;0;0;0;0;0;0;0;0;0;0;0;0;0;0;0;0;0;0;0;0;0;0;0;0;0;0;0;0;0;0;0;0;0;0;0;0;8;7;11
 ;RANGO > 80 anos;0;0;0;0;0;0;0;0;0;0;0;0;0;0;0;0;0;0;0;0;0;0;0;0;0;0;0;0;0;0;0;0;0;0;0;0;0;0;0;0;0;0;0;0;0;0;0;0;0;0;0;0;0;0;0;0;0;0;0;0;0;0;0;0;0;0;0;0;0;0;0;0;0;0;0;0;0;0;0;0;0;0;0;0;0;0;0;0;0;0;0;0;0;0;0;0;0;0;0;0;0;0;0;0;0;0;0;0;0;0;0;0;0;0;0;0;0;0;0;0;0;0;0;0;0;0;0;0;0;0;0;0;0;0;0;0;0;0;0;0;0;0;0;0;0;0;0;0;0;0;0;0;0;0;0;0;0;0
 ;RANGO > 75 anos;2;2;1;1;1;0;0;1;0;1;0;0;0;0;0;0;0;0;0;0;1;0;1;0;0;0;0;0;0;0;0;0;0;0;0;0;0;0;2;1;1;0;0;1;0;0;1;1;0;0;1;1;0;1;1;1;0;0;1;0;1;0;1;1;1;0;1;0;0;1;0;0;0;0;0;0;0;0;0;0;0;0;0;1;0;0;0;0;0;0;0;0;0;1;0;0;0;0;0;1;0;0;1;0;0;0;0;0;0;0;0;0;0;0;0;0;0;0;0;0;0;0;0;0;0;0;0;0;0;0;0;0;0;0;0;0;0;0;0;0;0;0;0;0;0;0;0;0;0;0;0;0;0;0;0;0;0;0
 ;RANGO > 60 anos;12;13;13;11;9;16;8;7;7;7;7;8;7;8;8;8;8;5;5;5;4;5;4;5;4;4;4;3;4;9;9;17;9;9;9;11;12;11;22;12;12;11;11;11;11;11;12;12;11;11;22;11;12;12;12;12;3;3;4;3;2;3;2;2;15;16;15;16;9;10;5;5;6;5;5;9;5;8;6;7;6;6;6;6;3;4;4;3;4;4;3;3;7;7;8;7;7;7;7;3;3;3;2;3;3;2;3;2;10;9;10;10;9;10;12;12;12;13;13;12;13;0;0;0;0;0;0;0;0;0;0;0;0;0;0;0;0;0;0;0;0;0;0;0;0;0;0;0;0;0;0;0;0;0;0;0;0;0
 ;RANGO > 40 anos;1;1;0;0;6;11;6;6;6;6;8;8;8;8;9;8;8;3;3;3;3;2;3;3;2;2;3;2;2;3;3;7;3;4;3;13;12;13;26;14;13;13;13;12;13;13;14;13;13;13;25;12;12;14;14;14;3;3;2;3;3;3;3;3;17;16;17;17;5;5;4;4;4;4;4;4;4;4;4;6;5;6;5;6;3;3;3;3;3;3;3;3;5;6;6;6;6;5;6;3;2;2;3;2;2;3;2;3;5;4;4;4;4;4;7;7;7;8;7;7;7;0;0;0;0;0;0;0;0;0;0;0;0;0;0;0;0;0;0;0;0;0;0;0;0;0;0;0;0;0;0;0;0;0;0;0;0;0
 ;RANGO > 18 anos;0;0;0;0;0;0;0;0;0;0;0;0;0;0;0;0;0;0;0;0;0;0;0;0;0;0;0;0;0;0;0;0;0;0;0;0;0;0;0;0;0;0;0;0;0;0;0;0;0;0;0;0;0;0;0;0;0;0;0;0;0;0;0;0;0;0;0;0;0;0;0;0;0;0;0;0;0;0;0;0;0;0;0;0;0;0;0;0;0;0;0;0;0;0;0;0;0;0;0;0;0;0;0;0;0;0;0;0;0;0;0;0;0;0;0;0;0;0;0;0;0;0;0;0;0;0;0;0;0;0;0;0;0;0;0;0;0;0;0;0;0;0;0;0;0;0;0;0;0;0;0;0;0;0;0;0;0;0
 ;Total 1era Dosis;9;9;8;7;11;19;10;10;9;10;8;8;8;8;9;8;8;3;3;3;3;2;3;3;2;2;3;2;2;3;3;7;3;4;3;18;18;18;38;20;19;18;18;18;18;18;20;19;18;18;36;18;18;20;20;20;4;4;4;4;4;4;4;4;26;25;26;26;7;8;4;4;4;4;4;6;4;5;4;6;5;6;5;6;3;3;3;3;3;3;3;3;5;6;6;6;6;5;6;4;3;3;4;3;3;3;3;3;5;4;4;4;4;4;7;7;7;8;7;7;7;3;2;3;3;2;2;2;2;2;3;2;2;3;2;3;3;1;2;2;2;2;3;1;2;2;2;3;2;2;3;2;2;1;1;4;4;6
 ;Total 2da Dosis;6;7;6;5;5;8;4;4;4;4;7;8;7;8;8;8;8;5;5;5;5;5;5;5;4;4;4;3;4;9;9;17;9;9;9;6;6;6;12;7;7;6;6;6;6;6;7;7;6;6;12;6;6;7;7;7;2;2;3;2;2;2;2;2;7;7;7;7;7;8;5;5;6;5;5;7;5;7;6;7;6;6;6;7;3;4;4;3;4;4;3;3;7;8;8;7;7;7;7;3;2;2;2;2;2;2;2;2;10;9;10;10;9;10;12;12;12;13;13;12;13;4;3;4;4;3;3;3;3;3;4;3;3;4;3;4;4;2;3;4;3;3;4;2;4;3;3;4;3;3;4;4;3;2;2;6;5;7
 ;Acumulado Solicitudes Recibidas: 50000;;;;;;;;;;;;;;;;;;;;;;;;;;;;;;;;;;;;;;;;;;;;;;;;;;;;;;;;;;;;;;;;;;;;;;;;;;;;;;;;;;;;;;;;;;;;;;;;;;;;;;;;;;;;;;;;;;;;;;;;;;;;;;;;;;;;;;;;;;;;;;;;;;;;;;;;;;;;;;
Julio;;Artigas;;;;Colonia;;;;;;Salto;;;;;;;Rocha;;;;;;;Treinta y Tres;;;;;Soriano;;;;;;Canelones;;;;;;;;;;;;;;;;;;;;;Florida;;;;;;;;Cerro Largo;;;;Flores;;San Jose;;;;;;;;;Lavalleja;;;;;Rio Negro;;;;;;;;Tacuarembo;;;;;;;Durazno;;;;;;;;;Rivera;;;;;;Maldonado;;;;;;;Montevideo;;;;;;;;;;;;;;;;;;;;;;;;;;;;;;;;;;Paysandu;;
; Vacunas recibidas;0;;;;0;;;;;;0;;;;;;;0;;;;;;;0;;;;;0;;;;;;0;;;;;;;;;;;;;;;;;;;;;0;;;;;;;;0;;;;0;;0;;;;;;;;;0;;;;;0;;;;;;;;0;;;;;;;0;;;;;;;;;0;;;;;;0;;;;;;;0;;;;;;;;;;;;;;;;;;;;;;;;;;;;;;;;;;0;;
 ; ;Hospital ASSESubCP Bella Union;Centro Tisiologico;Auditorio Municipal;Salon Comunal;Hospital Samuel Berton CHLA-EP;Centro Auxiliar ASSE;Hospital Evangelico;Hospital ASSE;Sede secundaria CCOU;Hospital ASSE CP Rosario;Villa Constitucion ASSE;Villa Constitucion Policlinica ASSE;Sindicato Medico ;Valetin Policlinica Local;LOCAL COMERCIAL Dr Soca y Brasil;HOSPITAL DE AGUDOS;Belen Policlinica CAM;Hospital del chuy;Hospital Castillos;Hospital Lascano;COMERO; Centro Cultural La Paloma;Hospital Rocha;Hospital Chuy;Hospoital Vergara;Centro Social Democratico;Estadio Municipal Centro Empleados de Comercio;Santa Clara del Olimar Centro Auxiliar de ASSE;La Charqueada Policlinica de ASSE;Hospital Dolores;Hospital Dolores 2;Mercedes CHLAEP;Cardona CAMS;Circulo Catolico Cardona;Dolores CAMS;Vista Linda Centro de barrio;MUCAM;Country ASSE;Asoc. Espanola;Centro Salud ASSE;CAAMEPA;SAPP;Salvador Allende;Centro Cultural Casa Artigas;SMI;Municipio;Hospital Pando;COMECA;Las Piedras Circulo Catolico;Club Social;Centro Auxiliar;Aeropuerto Auto Vacunatorio;CRAMI;Polideportivo IMM Las Piedras;ASSE;CP Canelones;Cerro Colorado Policlinica;Mendoza Grande Policlinica ASSE;Hospital ASSE CP Florida CHLAEP;Capilla del Sauce Policlinica;Sub CP Sdi Grande ASSE;Club 25 de agosto;Casupa Policlinica ASSE;Policlinico COMEF;UTU Gimnasio;Club Uruguay;Plaza de Deportes;Policlinica de ASSE;Ismael Cortinas Policlinica ASSE;Plaza de Deportes;Colonia Etchepare;Comision profomento Delta del Tigre;Local ex Garelli;Club de Jubilados y Pensionistas;Ciudad Rodriguez Plaza de Deportes ;Centro Proteccion de Choferes;Club de abuelos y adultos mayores;Policlinica AMSJ;Libertad Hospital ASSE;Jose Pedro varela Centro Auxiliar;Local espacio adolescente;Jose Batlle y Ordonez Centro Auxiliar;Mariscala Policliinica CAMDEL;Minas Estadio Municipal;Plaza Las Mujeres;Young CAMY Pediatria;Young Policlinica de ASSE;Bellaco Policlinica de ASSE;Fray Bentos Hospital ASSE;San Javier Policlinia de ASSE;Pazo de la Cruz Policlinica de ASSE;Policlinica de ASSElaza Las Mujeres;Hospital de Tacuarembo ;COMPLEJO BARRIOS AMORÍN;Clinica Fisioterapia;Paso de los Toros COMTA;Villa Ansina Municipio ;Las Toscas de Caraguata Polideportivo ;San Gregorio de Polanco Centro de Salud ;CP Durazno CHALEP;CAMEDUR;Hospital Dr. Emilio Penza;Sub CP Sarandi del Yi CHLAEP;Villa del Carmen Policlinica;Policlinica Blanquillo;La Paloma Policlinica;Villa del Carmen Policlinica 2;San Jorge Policlinica;Casa de la Cultura;Hospital ASSE Minas de Corrales;COMERI;CASMER;Vichadero Policlinica ASSE;Tranqueras Policlinica de ASSE;HTAL AIGUA;Pueblo Eden Centro Comunal;Policlinica AMDM-IAMPP;CAMPUS Puesto;CEDEMCAR;Jose Ignacio Policlinica de ASSE;Hospital Pan de Azucar;ANTEL ARENA 1;Hospital Militar;ANTEL ARENA 2;UNIVERSAL;Hospital de Clinicas C;Hospital de Clinicas B;Hospital de Clinicas A;Hospital Pereira Rossell;Asociacion Espanola;ANTEL ARENA 3;C.A.P. Grupo de Artilleria No. 1;Hospital Policial;ANTEL ARENA 4;Rural del Prado;ANTEL ARENA 5;Centro de Salud Cerro;Fondo Nacional de Recursos;Colegio Medico;CASMU;Sanatorio Casa de Galicia;COSEM Malvin;Circulo Catolico;Hospital Evangelico;Asociacion Espanola 2;Hospital Britanico;SMI IMPASA;CUDAM;C.A.P. Brigada de Infanteria No. 1;Policlinica Zully Sanchez;Hospital Maciel;IMM Complejo CRECE;Medica Uruguaya;FFSP;Hospital Pasteur;Guichon Centro Auxiliar;Quebracho Policlinica;CP Paysandu CHLAEP
 ;de Riesgo;0;0;0;0;0;0;0;0;0;0;0;0;0;0;0;0;0;0;0;0;0;0;0;0;0;0;0;0;0;0;0;0;0;0;0;0;0;0;0;0;0;0;0;0;0;0;0;0;0;0;0;0;0;0;0;0;0;0;0;0;0;0;0;0;0;0;0;0;0;0;0;0;0;0;0;0;0;0;0;0;0;0;0;0;0;0;0;0;0;0;0;0;0;0;0;0;0;0;0;0;0;0;0;0;0;0;0;0;0;0;0;0;0;0;0;0;0;0;0;0;0;2;1;2;2;1;1;1;1;1;2;1;1;2;1;2;2;1;1;1;1;1;2;1;1;1;1;2;1;1;2;1;1;1;1;0;0;0
 ;RANGO > 90 anos;0;0;0;0;0;0;0;0;0;0;0;0;0;0;0;0;0;0;0;0;0;0;0;0;0;0;0;0;0;0;0;0;0;0;0;0;0;0;0;0;0;0;0;0;0;0;0;0;0;0;0;0;0;0;0;0;0;0;0;0;0;0;0;0;0;0;0;0;0;0;0;0;0;0;0;0;0;0;0;0;0;0;0;0;0;0;0;0;0;0;0;0;0;0;0;0;0;0;0;0;0;0;0;0;0;0;0;0;0;0;0;0;0;0;0;0;0;0;0;0;0;0;0;0;0;0;0;0;0;0;0;0;0;0;0;0;0;0;0;0;0;0;0;0;0;0;0;0;0;0;0;0;0;0;0;1;1;2
 ;RANGO > 80 anos;0;0;0;0;0;0;0;0;0;0;0;0;0;0;0;0;0;0;0;0;0;0;0;0;0;0;0;0;0;0;0;0;0;0;0;0;0;0;0;0;0;0;0;0;0;0;0;0;0;0;0;0;0;0;0;0;0;0;0;0;0;0;0;0;0;0;0;0;0;0;0;0;0;0;0;0;0;0;0;0;0;0;0;0;0;0;0;0;0;0;0;0;0;0;0;0;0;0;0;0;0;0;0;0;0;0;0;0;0;0;0;0;0;0;0;0;0;0;0;0;0;0;0;0;0;0;0;0;0;0;0;0;0;0;0;0;0;0;0;0;0;0;0;0;0;0;0;0;0;0;0;0;0;0;0;0;0;0
 ;RANGO > 75 anos;0;0;0;0;0;0;0;0;0;0;0;0;0;0;0;0;0;0;0;0;0;0;0;0;0;0;0;0;0;0;0;0;0;0;0;0;0;0;0;0;0;0;0;0;0;0;0;0;0;0;0;0;0;0;0;0;0;0;0;0;0;0;0;0;0;0;0;0;0;0;0;0;0;0;0;0;0;0;0;0;0;0;0;0;0;0;0;0;0;0;0;0;0;0;0;0;0;0;0;0;0;0;0;0;0;0;0;0;0;0;0;0;0;0;0;0;0;0;0;0;0;0;0;0;0;0;0;0;0;0;0;0;0;0;0;0;0;0;0;0;0;0;0;0;0;0;0;0;0;0;0;0;0;0;0;0;0;0
 ;RANGO > 60 anos;4;4;4;4;4;8;4;4;3;4;0;0;0;0;0;0;0;0;0;0;0;0;0;0;0;0;0;0;0;0;0;0;0;0;0;4;5;4;10;5;5;4;4;5;4;4;5;5;4;4;9;5;5;5;5;5;1;1;2;1;1;1;1;1;9;9;9;9;2;3;0;0;0;0;0;1;0;0;0;0;0;0;0;0;0;0;0;0;0;0;0;0;0;0;0;0;0;0;0;1;1;1;1;1;1;0;1;0;0;0;0;0;0;0;0;0;0;0;0;0;0;0;0;0;0;0;0;0;0;0;0;0;0;0;0;0;0;0;0;0;0;0;0;0;0;0;0;0;0;0;0;0;0;0;0;0;0;0
 ;RANGO > 40 anos;19;20;16;16;10;19;10;10;10;10;16;17;16;16;18;17;16;10;9;9;10;6;10;7;7;7;8;4;6;10;9;22;9;13;9;15;15;15;32;17;16;15;15;15;15;15;17;16;15;15;30;15;14;17;17;17;5;5;5;5;6;6;6;6;21;19;21;20;13;14;9;9;9;7;7;10;9;9;9;10;9;10;9;11;6;6;6;6;8;6;6;6;12;16;13;13;13;12;13;6;4;5;6;4;4;5;4;5;14;10;10;12;10;10;16;16;16;20;18;16;18;0;0;0;0;0;0;0;0;0;0;0;0;0;0;0;0;0;0;0;0;0;0;0;0;0;0;0;0;0;0;0;0;0;0;0;0;0
 ;RANGO > 18 anos;1;0;1;1;6;11;6;6;5;6;8;8;8;8;8;8;9;4;5;5;5;5;4;5;1;1;2;2;2;5;6;12;6;5;6;12;11;11;24;12;12;12;12;11;12;11;12;12;12;11;23;11;12;12;12;12;4;4;4;4;4;3;4;4;8;8;8;9;4;4;5;5;6;5;5;5;5;6;6;6;5;5;5;5;3;4;4;4;4;4;3;3;4;4;4;4;4;4;4;4;4;3;4;4;4;4;4;4;6;6;6;7;6;6;9;8;8;8;9;8;9;0;0;0;0;0;0;0;0;0;0;0;0;0;0;0;0;0;0;0;0;0;0;0;0;0;0;0;0;0;0;0;0;0;0;0;0;0
 ;Total 1era Dosis;13;13;12;12;10;19;10;10;9;10;13;14;13;13;14;14;14;9;9;9;10;8;9;8;4;4;5;3;4;10;10;22;10;11;10;14;14;13;30;15;15;14;14;14;14;13;15;15;14;13;28;14;14;15;15;15;6;6;7;6;7;6;7;7;12;11;12;12;12;13;8;8;9;7;7;9;8;9;9;10;9;9;9;10;5;6;6;6;7;6;5;5;8;10;8;8;8;8;8;7;6;6;7;6;6;6;6;6;12;10;10;12;10;10;16;15;15;17;17;15;17;0;0;0;0;0;0;0;0;0;0;0;0;0;0;0;0;0;0;0;0;0;0;0;0;0;0;0;0;0;0;0;0;0;0;0;0;0
 ;Total 2da Dosis;11;11;9;9;10;19;10;10;9;10;11;11;11;11;12;11;11;5;5;5;5;3;5;4;4;4;5;3;4;5;5;12;5;7;5;17;17;17;36;19;18;17;17;17;17;17;19;18;17;17;34;17;17;19;19;19;4;4;4;4;4;4;4;4;26;25;26;26;7;8;6;6;6;5;5;7;6;6;6;6;5;6;5;6;4;4;4;4;5;4;4;4;8;10;9;9;9;8;9;4;3;3;4;3;3;3;3;3;8;6;6;7;6;6;9;9;9;11;10;9;10;2;1;2;2;1;1;1;1;1;2;1;1;2;1;2;2;1;1;1;1;1;2;1;1;1;1;2;1;1;2;1;1;1;1;1;1;2
 ;Acumulado Solicitudes Recibidas: 60000;;;;;;;;;;;;;;;;;;;;;;;;;;;;;;;;;;;;;;;;;;;;;;;;;;;;;;;;;;;;;;;;;;;;;;;;;;;;;;;;;;;;;;;;;;;;;;;;;;;;;;;;;;;;;;;;;;;;;;;;;;;;;;;;;;;;;;;;;;;;;;;;;;;;;;;;;;;;;;
Agosto;;Artigas;;;;Colonia;;;;;;Salto;;;;;;;Rocha;;;;;;;Treinta y Tres;;;;;Soriano;;;;;;Canelones;;;;;;;;;;;;;;;;;;;;;Florida;;;;;;;;Cerro Largo;;;;Flores;;San Jose;;;;;;;;;Lavalleja;;;;;Rio Negro;;;;;;;;Tacuarembo;;;;;;;Durazno;;;;;;;;;Rivera;;;;;;Maldonado;;;;;;;Montevideo;;;;;;;;;;;;;;;;;;;;;;;;;;;;;;;;;;Paysandu;;
; Vacunas recibidas;0;;;;0;;;;;;0;;;;;;;0;;;;;;;0;;;;;0;;;;;;0;;;;;;;;;;;;;;;;;;;;;0;;;;;;;;0;;;;0;;0;;;;;;;;;0;;;;;0;;;;;;;;0;;;;;;;0;;;;;;;;;0;;;;;;0;;;;;;;0;;;;;;;;;;;;;;;;;;;;;;;;;;;;;;;;;;0;;
 ; ;Hospital ASSESubCP Bella Union;Centro Tisiologico;Auditorio Municipal;Salon Comunal;Hospital Samuel Berton CHLA-EP;Centro Auxiliar ASSE;Hospital Evangelico;Hospital ASSE;Sede secundaria CCOU;Hospital ASSE CP Rosario;Villa Constitucion ASSE;Villa Constitucion Policlinica ASSE;Sindicato Medico ;Valetin Policlinica Local;LOCAL COMERCIAL Dr Soca y Brasil;HOSPITAL DE AGUDOS;Belen Policlinica CAM;Hospital del chuy;Hospital Castillos;Hospital Lascano;COMERO; Centro Cultural La Paloma;Hospital Rocha;Hospital Chuy;Hospoital Vergara;Centro Social Democratico;Estadio Municipal Centro Empleados de Comercio;Santa Clara del Olimar Centro Auxiliar de ASSE;La Charqueada Policlinica de ASSE;Hospital Dolores;Hospital Dolores 2;Mercedes CHLAEP;Cardona CAMS;Circulo Catolico Cardona;Dolores CAMS;Vista Linda Centro de barrio;MUCAM;Country ASSE;Asoc. Espanola;Centro Salud ASSE;CAAMEPA;SAPP;Salvador Allende;Centro Cultural Casa Artigas;SMI;Municipio;Hospital Pando;COMECA;Las Piedras Circulo Catolico;Club Social;Centro Auxiliar;Aeropuerto Auto Vacunatorio;CRAMI;Polideportivo IMM Las Piedras;ASSE;CP Canelones;Cerro Colorado Policlinica;Mendoza Grande Policlinica ASSE;Hospital ASSE CP Florida CHLAEP;Capilla del Sauce Policlinica;Sub CP Sdi Grande ASSE;Club 25 de agosto;Casupa Policlinica ASSE;Policlinico COMEF;UTU Gimnasio;Club Uruguay;Plaza de Deportes;Policlinica de ASSE;Ismael Cortinas Policlinica ASSE;Plaza de Deportes;Colonia Etchepare;Comision profomento Delta del Tigre;Local ex Garelli;Club de Jubilados y Pensionistas;Ciudad Rodriguez Plaza de Deportes ;Centro Proteccion de Choferes;Club de abuelos y adultos mayores;Policlinica AMSJ;Libertad Hospital ASSE;Jose Pedro varela Centro Auxiliar;Local espacio adolescente;Jose Batlle y Ordonez Centro Auxiliar;Mariscala Policliinica CAMDEL;Minas Estadio Municipal;Plaza Las Mujeres;Young CAMY Pediatria;Young Policlinica de ASSE;Bellaco Policlinica de ASSE;Fray Bentos Hospital ASSE;San Javier Policlinia de ASSE;Pazo de la Cruz Policlinica de ASSE;Policlinica de ASSElaza Las Mujeres;Hospital de Tacuarembo ;COMPLEJO BARRIOS AMORÍN;Clinica Fisioterapia;Paso de los Toros COMTA;Villa Ansina Municipio ;Las Toscas de Caraguata Polideportivo ;San Gregorio de Polanco Centro de Salud ;CP Durazno CHALEP;CAMEDUR;Hospital Dr. Emilio Penza;Sub CP Sarandi del Yi CHLAEP;Villa del Carmen Policlinica;Policlinica Blanquillo;La Paloma Policlinica;Villa del Carmen Policlinica 2;San Jorge Policlinica;Casa de la Cultura;Hospital ASSE Minas de Corrales;COMERI;CASMER;Vichadero Policlinica ASSE;Tranqueras Policlinica de ASSE;HTAL AIGUA;Pueblo Eden Centro Comunal;Policlinica AMDM-IAMPP;CAMPUS Puesto;CEDEMCAR;Jose Ignacio Policlinica de ASSE;Hospital Pan de Azucar;ANTEL ARENA 1;Hospital Militar;ANTEL ARENA 2;UNIVERSAL;Hospital de Clinicas C;Hospital de Clinicas B;Hospital de Clinicas A;Hospital Pereira Rossell;Asociacion Espanola;ANTEL ARENA 3;C.A.P. Grupo de Artilleria No. 1;Hospital Policial;ANTEL ARENA 4;Rural del Prado;ANTEL ARENA 5;Centro de Salud Cerro;Fondo Nacional de Recursos;Colegio Medico;CASMU;Sanatorio Casa de Galicia;COSEM Malvin;Circulo Catolico;Hospital Evangelico;Asociacion Espanola 2;Hospital Britanico;SMI IMPASA;CUDAM;C.A.P. Brigada de Infanteria No. 1;Policlinica Zully Sanchez;Hospital Maciel;IMM Complejo CRECE;Medica Uruguaya;FFSP;Hospital Pasteur;Guichon Centro Auxiliar;Quebracho Policlinica;CP Paysandu CHLAEP
 ;de Riesgo;0;0;0;0;0;0;0;0;0;0;0;0;0;0;0;0;0;0;0;0;0;0;0;0;0;0;0;0;0;0;0;0;0;0;0;0;0;0;0;0;0;0;0;0;0;0;0;0;0;0;0;0;0;0;0;0;0;0;0;0;0;0;0;0;0;0;0;0;0;0;0;0;0;0;0;0;0;0;0;0;0;0;0;0;0;0;0;0;0;0;0;0;0;0;0;0;0;0;0;0;0;0;0;0;0;0;0;0;0;0;0;0;0;0;0;0;0;0;0;0;0;0;0;0;0;0;0;0;0;0;0;0;0;0;0;0;0;0;0;0;0;0;0;0;0;0;0;0;0;0;0;0;0;0;0;0;0;0
 ;RANGO > 90 anos;0;0;0;0;0;0;0;0;0;0;0;0;0;0;0;0;0;0;0;0;0;0;0;0;0;0;0;0;0;0;0;0;0;0;0;0;0;0;0;0;0;0;0;0;0;0;0;0;0;0;0;0;0;0;0;0;0;0;0;0;0;0;0;0;0;0;0;0;0;0;0;0;0;0;0;0;0;0;0;0;0;0;0;0;0;0;0;0;0;0;0;0;0;0;0;0;0;0;0;0;0;0;0;0;0;0;0;0;0;0;0;0;0;0;0;0;0;0;0;0;0;0;0;0;0;0;0;0;0;0;0;0;0;0;0;0;0;0;0;0;0;0;0;0;0;0;0;0;0;0;0;0;0;0;0;0;0;0
 ;RANGO > 80 anos;0;0;0;0;0;0;0;0;0;0;0;0;0;0;0;0;0;0;0;0;0;0;0;0;0;0;0;0;0;0;0;0;0;0;0;0;0;0;0;0;0;0;0;0;0;0;0;0;0;0;0;0;0;0;0;0;0;0;0;0;0;0;0;0;0;0;0;0;0;0;0;0;0;0;0;0;0;0;0;0;0;0;0;0;0;0;0;0;0;0;0;0;0;0;0;0;0;0;0;0;0;0;0;0;0;0;0;0;0;0;0;0;0;0;0;0;0;0;0;0;0;0;0;0;0;0;0;0;0;0;0;0;0;0;0;0;0;0;0;0;0;0;0;0;0;0;0;0;0;0;0;0;0;0;0;0;0;0
 ;RANGO > 75 anos;0;0;0;0;0;0;0;0;0;0;0;0;0;0;0;0;0;0;0;0;0;0;0;0;0;0;0;0;0;0;0;0;0;0;0;0;0;0;0;0;0;0;0;0;0;0;0;0;0;0;0;0;0;0;0;0;0;0;0;0;0;0;0;0;0;0;0;0;0;0;0;0;0;0;0;0;0;0;0;0;0;0;0;0;0;0;0;0;0;0;0;0;0;0;0;0;0;0;0;0;0;0;0;0;0;0;0;0;0;0;0;0;0;0;0;0;0;0;0;0;0;0;0;0;0;0;0;0;0;0;0;0;0;0;0;0;0;0;0;0;0;0;0;0;0;0;0;0;0;0;0;0;0;0;0;0;0;0
 ;RANGO > 60 anos;0;0;0;0;0;0;0;0;0;0;0;0;0;0;0;0;0;0;0;0;0;0;0;0;0;0;0;0;0;0;0;0;0;0;0;0;0;0;0;0;0;0;0;0;0;0;0;0;0;0;0;0;0;0;0;0;0;0;0;0;0;0;0;0;0;0;0;0;0;0;0;0;0;0;0;0;0;0;0;0;0;0;0;0;0;0;0;0;0;0;0;0;0;0;0;0;0;0;0;0;0;0;0;0;0;0;0;0;0;0;0;0;0;0;0;0;0;0;0;0;0;0;0;0;0;0;0;0;0;0;0;0;0;0;0;0;0;0;0;0;0;0;0;0;0;0;0;0;0;0;0;0;0;0;0;0;0;0
 ;RANGO > 40 anos;6;7;6;6;4;8;4;4;4;4;2;3;2;2;3;3;2;3;2;2;3;2;3;2;1;1;1;0;0;3;2;5;2;3;2;2;3;2;6;3;3;2;2;3;2;2;3;3;2;2;5;3;2;3;3;3;2;2;3;2;3;3;3;3;4;3;4;3;8;9;1;1;1;1;1;2;1;1;1;4;4;4;4;5;1;1;1;1;1;1;1;1;1;2;1;1;1;1;1;3;2;3;3;2;2;2;2;2;3;2;2;2;2;2;5;5;5;6;5;5;5;0;0;0;0;0;0;0;0;0;0;0;0;0;0;0;0;0;0;0;0;0;0;0;0;0;0;0;0;0;0;0;0;0;0;0;0;0
 ;RANGO > 18 anos;15;14;15;14;10;18;10;10;8;10;18;18;18;18;20;18;19;7;8;8;10;7;9;8;6;6;8;5;5;11;10;23;12;12;10;17;16;16;34;17;17;17;17;16;17;16;17;17;17;16;33;16;17;17;17;18;7;7;9;7;7;6;7;9;14;14;14;15;13;13;9;9;10;9;9;12;9;13;12;13;10;10;10;12;6;10;8;7;10;7;6;6;10;12;12;12;12;12;12;6;6;5;6;6;6;5;6;6;14;12;12;15;11;12;18;17;17;20;18;17;19;0;0;0;0;0;0;0;0;0;0;0;0;0;0;0;0;0;0;0;0;0;0;0;0;0;0;0;0;0;0;0;0;0;0;0;0;0
 ;Total 1era Dosis;9;9;9;8;4;7;4;4;3;4;7;7;7;7;8;7;7;2;2;2;3;1;3;2;3;3;4;2;2;4;3;8;4;5;3;5;5;5;10;5;5;5;5;5;5;5;5;5;5;5;10;5;5;5;5;6;3;3;4;3;3;3;3;4;6;6;6;6;9;9;3;3;3;3;3;5;3;5;4;6;5;5;5;6;2;4;3;2;4;2;2;2;4;5;5;5;5;5;5;2;2;2;2;2;2;1;2;2;6;5;5;6;4;5;7;7;7;9;7;7;8;0;0;0;0;0;0;0;0;0;0;0;0;0;0;0;0;0;0;0;0;0;0;0;0;0;0;0;0;0;0;0;0;0;0;0;0;0
 ;Total 2da Dosis;12;12;12;12;10;19;10;10;9;10;13;14;13;13;15;14;14;8;8;8;10;8;9;8;4;4;5;3;3;10;9;20;10;10;9;14;14;13;30;15;15;14;14;14;14;13;15;15;14;13;28;14;14;15;15;15;6;6;8;6;7;6;7;8;12;11;12;12;12;13;7;7;8;7;7;9;7;9;9;11;9;9;9;11;5;7;6;6;7;6;5;5;7;9;8;8;8;8;8;7;6;6;7;6;6;6;6;6;11;9;9;11;9;9;16;15;15;17;16;15;16;0;0;0;0;0;0;0;0;0;0;0;0;0;0;0;0;0;0;0;0;0;0;0;0;0;0;0;0;0;0;0;0;0;0;0;0;0
 ;Acumulado Solicitudes Recibidas: 70000;;;;;;;;;;;;;;;;;;;;;;;;;;;;;;;;;;;;;;;;;;;;;;;;;;;;;;;;;;;;;;;;;;;;;;;;;;;;;;;;;;;;;;;;;;;;;;;;;;;;;;;;;;;;;;;;;;;;;;;;;;;;;;;;;;;;;;;;;;;;;;;;;;;;;;;;;;;;;;
Septiembre;;Artigas;;;;Colonia;;;;;;Salto;;;;;;;Rocha;;;;;;;Treinta y Tres;;;;;Soriano;;;;;;Canelones;;;;;;;;;;;;;;;;;;;;;Florida;;;;;;;;Cerro Largo;;;;Flores;;San Jose;;;;;;;;;Lavalleja;;;;;Rio Negro;;;;;;;;Tacuarembo;;;;;;;Durazno;;;;;;;;;Rivera;;;;;;Maldonado;;;;;;;Montevideo;;;;;;;;;;;;;;;;;;;;;;;;;;;;;;;;;;Paysandu;;
; Vacunas recibidas;0;;;;0;;;;;;0;;;;;;;0;;;;;;;0;;;;;0;;;;;;0;;;;;;;;;;;;;;;;;;;;;0;;;;;;;;0;;;;0;;0;;;;;;;;;0;;;;;0;;;;;;;;0;;;;;;;0;;;;;;;;;0;;;;;;0;;;;;;;0;;;;;;;;;;;;;;;;;;;;;;;;;;;;;;;;;;0;;
 ; ;Hospital ASSESubCP Bella Union;Centro Tisiologico;Auditorio Municipal;Salon Comunal;Hospital Samuel Berton CHLA-EP;Centro Auxiliar ASSE;Hospital Evangelico;Hospital ASSE;Sede secundaria CCOU;Hospital ASSE CP Rosario;Villa Constitucion ASSE;Villa Constitucion Policlinica ASSE;Sindicato Medico ;Valetin Policlinica Local;LOCAL COMERCIAL Dr Soca y Brasil;HOSPITAL DE AGUDOS;Belen Policlinica CAM;Hospital del chuy;Hospital Castillos;Hospital Lascano;COMERO; Centro Cultural La Paloma;Hospital Rocha;Hospital Chuy;Hospoital Vergara;Centro Social Democratico;Estadio Municipal Centro Empleados de Comercio;Santa Clara del Olimar Centro Auxiliar de ASSE;La Charqueada Policlinica de ASSE;Hospital Dolores;Hospital Dolores 2;Mercedes CHLAEP;Cardona CAMS;Circulo Catolico Cardona;Dolores CAMS;Vista Linda Centro de barrio;MUCAM;Country ASSE;Asoc. Espanola;Centro Salud ASSE;CAAMEPA;SAPP;Salvador Allende;Centro Cultural Casa Artigas;SMI;Municipio;Hospital Pando;COMECA;Las Piedras Circulo Catolico;Club Social;Centro Auxiliar;Aeropuerto Auto Vacunatorio;CRAMI;Polideportivo IMM Las Piedras;ASSE;CP Canelones;Cerro Colorado Policlinica;Mendoza Grande Policlinica ASSE;Hospital ASSE CP Florida CHLAEP;Capilla del Sauce Policlinica;Sub CP Sdi Grande ASSE;Club 25 de agosto;Casupa Policlinica ASSE;Policlinico COMEF;UTU Gimnasio;Club Uruguay;Plaza de Deportes;Policlinica de ASSE;Ismael Cortinas Policlinica ASSE;Plaza de Deportes;Colonia Etchepare;Comision profomento Delta del Tigre;Local ex Garelli;Club de Jubilados y Pensionistas;Ciudad Rodriguez Plaza de Deportes ;Centro Proteccion de Choferes;Club de abuelos y adultos mayores;Policlinica AMSJ;Libertad Hospital ASSE;Jose Pedro varela Centro Auxiliar;Local espacio adolescente;Jose Batlle y Ordonez Centro Auxiliar;Mariscala Policliinica CAMDEL;Minas Estadio Municipal;Plaza Las Mujeres;Young CAMY Pediatria;Young Policlinica de ASSE;Bellaco Policlinica de ASSE;Fray Bentos Hospital ASSE;San Javier Policlinia de ASSE;Pazo de la Cruz Policlinica de ASSE;Policlinica de ASSElaza Las Mujeres;Hospital de Tacuarembo ;COMPLEJO BARRIOS AMORÍN;Clinica Fisioterapia;Paso de los Toros COMTA;Villa Ansina Municipio ;Las Toscas de Caraguata Polideportivo ;San Gregorio de Polanco Centro de Salud ;CP Durazno CHALEP;CAMEDUR;Hospital Dr. Emilio Penza;Sub CP Sarandi del Yi CHLAEP;Villa del Carmen Policlinica;Policlinica Blanquillo;La Paloma Policlinica;Villa del Carmen Policlinica 2;San Jorge Policlinica;Casa de la Cultura;Hospital ASSE Minas de Corrales;COMERI;CASMER;Vichadero Policlinica ASSE;Tranqueras Policlinica de ASSE;HTAL AIGUA;Pueblo Eden Centro Comunal;Policlinica AMDM-IAMPP;CAMPUS Puesto;CEDEMCAR;Jose Ignacio Policlinica de ASSE;Hospital Pan de Azucar;ANTEL ARENA 1;Hospital Militar;ANTEL ARENA 2;UNIVERSAL;Hospital de Clinicas C;Hospital de Clinicas B;Hospital de Clinicas A;Hospital Pereira Rossell;Asociacion Espanola;ANTEL ARENA 3;C.A.P. Grupo de Artilleria No. 1;Hospital Policial;ANTEL ARENA 4;Rural del Prado;ANTEL ARENA 5;Centro de Salud Cerro;Fondo Nacional de Recursos;Colegio Medico;CASMU;Sanatorio Casa de Galicia;COSEM Malvin;Circulo Catolico;Hospital Evangelico;Asociacion Espanola 2;Hospital Britanico;SMI IMPASA;CUDAM;C.A.P. Brigada de Infanteria No. 1;Policlinica Zully Sanchez;Hospital Maciel;IMM Complejo CRECE;Medica Uruguaya;FFSP;Hospital Pasteur;Guichon Centro Auxiliar;Quebracho Policlinica;CP Paysandu CHLAEP
 ;de Riesgo;0;0;0;0;0;0;0;0;0;0;0;0;0;0;0;0;0;0;0;0;0;0;0;0;0;0;0;0;0;0;0;0;0;0;0;0;0;0;0;0;0;0;0;0;0;0;0;0;0;0;0;0;0;0;0;0;0;0;0;0;0;0;0;0;0;0;0;0;0;0;0;0;0;0;0;0;0;0;0;0;0;0;0;0;0;0;0;0;0;0;0;0;0;0;0;0;0;0;0;0;0;0;0;0;0;0;0;0;0;0;0;0;0;0;0;0;0;0;0;0;0;0;0;0;0;0;0;0;0;0;0;0;0;0;0;0;0;0;0;0;0;0;0;0;0;0;0;0;0;0;0;0;0;0;0;0;0;0
 ;RANGO > 90 anos;0;0;0;0;0;0;0;0;0;0;0;0;0;0;0;0;0;0;0;0;0;0;0;0;0;0;0;0;0;0;0;0;0;0;0;0;0;0;0;0;0;0;0;0;0;0;0;0;0;0;0;0;0;0;0;0;0;0;0;0;0;0;0;0;0;0;0;0;0;0;0;0;0;0;0;0;0;0;0;0;0;0;0;0;0;0;0;0;0;0;0;0;0;0;0;0;0;0;0;0;0;0;0;0;0;0;0;0;0;0;0;0;0;0;0;0;0;0;0;0;0;0;0;0;0;0;0;0;0;0;0;0;0;0;0;0;0;0;0;0;0;0;0;0;0;0;0;0;0;0;0;0;0;0;0;0;0;0
 ;RANGO > 80 anos;0;0;0;0;0;0;0;0;0;0;0;0;0;0;0;0;0;0;0;0;0;0;0;0;0;0;0;0;0;0;0;0;0;0;0;0;0;0;0;0;0;0;0;0;0;0;0;0;0;0;0;0;0;0;0;0;0;0;0;0;0;0;0;0;0;0;0;0;0;0;0;0;0;0;0;0;0;0;0;0;0;0;0;0;0;0;0;0;0;0;0;0;0;0;0;0;0;0;0;0;0;0;0;0;0;0;0;0;0;0;0;0;0;0;0;0;0;0;0;0;0;0;0;0;0;0;0;0;0;0;0;0;0;0;0;0;0;0;0;0;0;0;0;0;0;0;0;0;0;0;0;0;0;0;0;0;0;0
 ;RANGO > 75 anos;0;0;0;0;0;0;0;0;0;0;0;0;0;0;0;0;0;0;0;0;0;0;0;0;0;0;0;0;0;0;0;0;0;0;0;0;0;0;0;0;0;0;0;0;0;0;0;0;0;0;0;0;0;0;0;0;0;0;0;0;0;0;0;0;0;0;0;0;0;0;0;0;0;0;0;0;0;0;0;0;0;0;0;0;0;0;0;0;0;0;0;0;0;0;0;0;0;0;0;0;0;0;0;0;0;0;0;0;0;0;0;0;0;0;0;0;0;0;0;0;0;0;0;0;0;0;0;0;0;0;0;0;0;0;0;0;0;0;0;0;0;0;0;0;0;0;0;0;0;0;0;0;0;0;0;0;0;0
 ;RANGO > 60 anos;0;0;0;0;0;0;0;0;0;0;0;0;0;0;0;0;0;0;0;0;0;0;0;0;0;0;0;0;0;0;0;0;0;0;0;0;0;0;0;0;0;0;0;0;0;0;0;0;0;0;0;0;0;0;0;0;0;0;0;0;0;0;0;0;0;0;0;0;0;0;0;0;0;0;0;0;0;0;0;0;0;0;0;0;0;0;0;0;0;0;0;0;0;0;0;0;0;0;0;0;0;0;0;0;0;0;0;0;0;0;0;0;0;0;0;0;0;0;0;0;0;0;0;0;0;0;0;0;0;0;0;0;0;0;0;0;0;0;0;0;0;0;0;0;0;0;0;0;0;0;0;0;0;0;0;0;0;0
 ;RANGO > 40 anos;0;0;0;0;0;0;0;0;0;0;0;0;0;0;0;0;0;0;0;0;0;0;0;0;0;0;0;0;0;0;0;0;0;0;0;0;0;0;0;0;0;0;0;0;0;0;0;0;0;0;0;0;0;0;0;0;0;0;0;0;0;0;0;0;0;0;0;0;0;0;0;0;0;0;0;0;0;0;0;0;0;0;0;0;0;0;0;0;0;0;0;0;0;0;0;0;0;0;0;0;0;0;0;0;0;0;0;0;0;0;0;0;0;0;0;0;0;0;0;0;0;0;0;0;0;0;0;0;0;0;0;0;0;0;0;0;0;0;0;0;0;0;0;0;0;0;0;0;0;0;0;0;0;0;0;0;0;0
 ;RANGO > 18 anos;4;4;4;3;4;7;4;4;3;4;4;4;4;4;4;4;4;1;1;1;1;0;1;1;1;1;2;1;1;2;2;5;2;3;2;5;5;5;10;5;5;5;5;5;5;5;5;5;5;5;10;5;5;5;5;6;3;3;3;3;3;3;3;3;6;6;6;6;9;9;2;2;2;2;2;3;2;3;2;5;5;5;5;5;1;2;2;1;2;1;1;1;2;2;2;2;2;2;2;2;2;2;2;2;2;1;2;2;4;4;4;4;3;4;5;5;5;6;5;5;6;0;0;0;0;0;0;0;0;0;0;0;0;0;0;0;0;0;0;0;0;0;0;0;0;0;0;0;0;0;0;0;0;0;0;0;0;0
 ;Total 1era Dosis;0;0;0;0;0;0;0;0;0;0;0;0;0;0;0;0;0;0;0;0;0;0;0;0;0;0;0;0;0;0;0;0;0;0;0;0;0;0;0;0;0;0;0;0;0;0;0;0;0;0;0;0;0;0;0;0;0;0;0;0;0;0;0;0;0;0;0;0;0;0;0;0;0;0;0;0;0;0;0;0;0;0;0;0;0;0;0;0;0;0;0;0;0;0;0;0;0;0;0;0;0;0;0;0;0;0;0;0;0;0;0;0;0;0;0;0;0;0;0;0;0;0;0;0;0;0;0;0;0;0;0;0;0;0;0;0;0;0;0;0;0;0;0;0;0;0;0;0;0;0;0;0;0;0;0;0;0;0
 ;Total 2da Dosis;4;4;4;3;4;7;4;4;3;4;4;4;4;4;4;4;4;1;1;1;1;0;1;1;1;1;2;1;1;2;2;5;2;3;2;5;5;5;10;5;5;5;5;5;5;5;5;5;5;5;10;5;5;5;5;6;3;3;3;3;3;3;3;3;6;6;6;6;9;9;2;2;2;2;2;3;2;3;2;5;5;5;5;5;1;2;2;1;2;1;1;1;2;2;2;2;2;2;2;2;2;2;2;2;2;1;2;2;4;4;4;4;3;4;5;5;5;6;5;5;6;0;0;0;0;0;0;0;0;0;0;0;0;0;0;0;0;0;0;0;0;0;0;0;0;0;0;0;0;0;0;0;0;0;0;0;0;0
 ;Acumulado Solicitudes Recibidas: 80000;;;;;;;;;;;;;;;;;;;;;;;;;;;;;;;;;;;;;;;;;;;;;;;;;;;;;;;;;;;;;;;;;;;;;;;;;;;;;;;;;;;;;;;;;;;;;;;;;;;;;;;;;;;;;;;;;;;;;;;;;;;;;;;;;;;;;;;;;;;;;;;;;;;;;;;;;;;;;;
Octubre;;Artigas;;;;Colonia;;;;;;Salto;;;;;;;Rocha;;;;;;;Treinta y Tres;;;;;Soriano;;;;;;Canelones;;;;;;;;;;;;;;;;;;;;;Florida;;;;;;;;Cerro Largo;;;;Flores;;San Jose;;;;;;;;;Lavalleja;;;;;Rio Negro;;;;;;;;Tacuarembo;;;;;;;Durazno;;;;;;;;;Rivera;;;;;;Maldonado;;;;;;;Montevideo;;;;;;;;;;;;;;;;;;;;;;;;;;;;;;;;;;Paysandu;;
; Vacunas recibidas;0;;;;0;;;;;;0;;;;;;;0;;;;;;;0;;;;;0;;;;;;0;;;;;;;;;;;;;;;;;;;;;0;;;;;;;;0;;;;0;;0;;;;;;;;;0;;;;;0;;;;;;;;0;;;;;;;0;;;;;;;;;0;;;;;;0;;;;;;;0;;;;;;;;;;;;;;;;;;;;;;;;;;;;;;;;;;0;;
 ; ;Hospital ASSESubCP Bella Union;Centro Tisiologico;Auditorio Municipal;Salon Comunal;Hospital Samuel Berton CHLA-EP;Centro Auxiliar ASSE;Hospital Evangelico;Hospital ASSE;Sede secundaria CCOU;Hospital ASSE CP Rosario;Villa Constitucion ASSE;Villa Constitucion Policlinica ASSE;Sindicato Medico ;Valetin Policlinica Local;LOCAL COMERCIAL Dr Soca y Brasil;HOSPITAL DE AGUDOS;Belen Policlinica CAM;Hospital del chuy;Hospital Castillos;Hospital Lascano;COMERO; Centro Cultural La Paloma;Hospital Rocha;Hospital Chuy;Hospoital Vergara;Centro Social Democratico;Estadio Municipal Centro Empleados de Comercio;Santa Clara del Olimar Centro Auxiliar de ASSE;La Charqueada Policlinica de ASSE;Hospital Dolores;Hospital Dolores 2;Mercedes CHLAEP;Cardona CAMS;Circulo Catolico Cardona;Dolores CAMS;Vista Linda Centro de barrio;MUCAM;Country ASSE;Asoc. Espanola;Centro Salud ASSE;CAAMEPA;SAPP;Salvador Allende;Centro Cultural Casa Artigas;SMI;Municipio;Hospital Pando;COMECA;Las Piedras Circulo Catolico;Club Social;Centro Auxiliar;Aeropuerto Auto Vacunatorio;CRAMI;Polideportivo IMM Las Piedras;ASSE;CP Canelones;Cerro Colorado Policlinica;Mendoza Grande Policlinica ASSE;Hospital ASSE CP Florida CHLAEP;Capilla del Sauce Policlinica;Sub CP Sdi Grande ASSE;Club 25 de agosto;Casupa Policlinica ASSE;Policlinico COMEF;UTU Gimnasio;Club Uruguay;Plaza de Deportes;Policlinica de ASSE;Ismael Cortinas Policlinica ASSE;Plaza de Deportes;Colonia Etchepare;Comision profomento Delta del Tigre;Local ex Garelli;Club de Jubilados y Pensionistas;Ciudad Rodriguez Plaza de Deportes ;Centro Proteccion de Choferes;Club de abuelos y adultos mayores;Policlinica AMSJ;Libertad Hospital ASSE;Jose Pedro varela Centro Auxiliar;Local espacio adolescente;Jose Batlle y Ordonez Centro Auxiliar;Mariscala Policliinica CAMDEL;Minas Estadio Municipal;Plaza Las Mujeres;Young CAMY Pediatria;Young Policlinica de ASSE;Bellaco Policlinica de ASSE;Fray Bentos Hospital ASSE;San Javier Policlinia de ASSE;Pazo de la Cruz Policlinica de ASSE;Policlinica de ASSElaza Las Mujeres;Hospital de Tacuarembo ;COMPLEJO BARRIOS AMORÍN;Clinica Fisioterapia;Paso de los Toros COMTA;Villa Ansina Municipio ;Las Toscas de Caraguata Polideportivo ;San Gregorio de Polanco Centro de Salud ;CP Durazno CHALEP;CAMEDUR;Hospital Dr. Emilio Penza;Sub CP Sarandi del Yi CHLAEP;Villa del Carmen Policlinica;Policlinica Blanquillo;La Paloma Policlinica;Villa del Carmen Policlinica 2;San Jorge Policlinica;Casa de la Cultura;Hospital ASSE Minas de Corrales;COMERI;CASMER;Vichadero Policlinica ASSE;Tranqueras Policlinica de ASSE;HTAL AIGUA;Pueblo Eden Centro Comunal;Policlinica AMDM-IAMPP;CAMPUS Puesto;CEDEMCAR;Jose Ignacio Policlinica de ASSE;Hospital Pan de Azucar;ANTEL ARENA 1;Hospital Militar;ANTEL ARENA 2;UNIVERSAL;Hospital de Clinicas C;Hospital de Clinicas B;Hospital de Clinicas A;Hospital Pereira Rossell;Asociacion Espanola;ANTEL ARENA 3;C.A.P. Grupo de Artilleria No. 1;Hospital Policial;ANTEL ARENA 4;Rural del Prado;ANTEL ARENA 5;Centro de Salud Cerro;Fondo Nacional de Recursos;Colegio Medico;CASMU;Sanatorio Casa de Galicia;COSEM Malvin;Circulo Catolico;Hospital Evangelico;Asociacion Espanola 2;Hospital Britanico;SMI IMPASA;CUDAM;C.A.P. Brigada de Infanteria No. 1;Policlinica Zully Sanchez;Hospital Maciel;IMM Complejo CRECE;Medica Uruguaya;FFSP;Hospital Pasteur;Guichon Centro Auxiliar;Quebracho Policlinica;CP Paysandu CHLAEP
 ;de Riesgo;0;0;0;0;0;0;0;0;0;0;0;0;0;0;0;0;0;0;0;0;0;0;0;0;0;0;0;0;0;0;0;0;0;0;0;0;0;0;0;0;0;0;0;0;0;0;0;0;0;0;0;0;0;0;0;0;0;0;0;0;0;0;0;0;0;0;0;0;0;0;0;0;0;0;0;0;0;0;0;0;0;0;0;0;0;0;0;0;0;0;0;0;0;0;0;0;0;0;0;0;0;0;0;0;0;0;0;0;0;0;0;0;0;0;0;0;0;0;0;0;0;0;0;0;0;0;0;0;0;0;0;0;0;0;0;0;0;0;0;0;0;0;0;0;0;0;0;0;0;0;0;0;0;0;0;0;0;0
 ;RANGO > 90 anos;0;0;0;0;0;0;0;0;0;0;0;0;0;0;0;0;0;0;0;0;0;0;0;0;0;0;0;0;0;0;0;0;0;0;0;0;0;0;0;0;0;0;0;0;0;0;0;0;0;0;0;0;0;0;0;0;0;0;0;0;0;0;0;0;0;0;0;0;0;0;0;0;0;0;0;0;0;0;0;0;0;0;0;0;0;0;0;0;0;0;0;0;0;0;0;0;0;0;0;0;0;0;0;0;0;0;0;0;0;0;0;0;0;0;0;0;0;0;0;0;0;0;0;0;0;0;0;0;0;0;0;0;0;0;0;0;0;0;0;0;0;0;0;0;0;0;0;0;0;0;0;0;0;0;0;0;0;0
 ;RANGO > 80 anos;0;0;0;0;0;0;0;0;0;0;0;0;0;0;0;0;0;0;0;0;0;0;0;0;0;0;0;0;0;0;0;0;0;0;0;0;0;0;0;0;0;0;0;0;0;0;0;0;0;0;0;0;0;0;0;0;0;0;0;0;0;0;0;0;0;0;0;0;0;0;0;0;0;0;0;0;0;0;0;0;0;0;0;0;0;0;0;0;0;0;0;0;0;0;0;0;0;0;0;0;0;0;0;0;0;0;0;0;0;0;0;0;0;0;0;0;0;0;0;0;0;0;0;0;0;0;0;0;0;0;0;0;0;0;0;0;0;0;0;0;0;0;0;0;0;0;0;0;0;0;0;0;0;0;0;0;0;0
 ;RANGO > 75 anos;0;0;0;0;0;0;0;0;0;0;0;0;0;0;0;0;0;0;0;0;0;0;0;0;0;0;0;0;0;0;0;0;0;0;0;0;0;0;0;0;0;0;0;0;0;0;0;0;0;0;0;0;0;0;0;0;0;0;0;0;0;0;0;0;0;0;0;0;0;0;0;0;0;0;0;0;0;0;0;0;0;0;0;0;0;0;0;0;0;0;0;0;0;0;0;0;0;0;0;0;0;0;0;0;0;0;0;0;0;0;0;0;0;0;0;0;0;0;0;0;0;0;0;0;0;0;0;0;0;0;0;0;0;0;0;0;0;0;0;0;0;0;0;0;0;0;0;0;0;0;0;0;0;0;0;0;0;0
 ;RANGO > 60 anos;0;0;0;0;0;0;0;0;0;0;0;0;0;0;0;0;0;0;0;0;0;0;0;0;0;0;0;0;0;0;0;0;0;0;0;0;0;0;0;0;0;0;0;0;0;0;0;0;0;0;0;0;0;0;0;0;0;0;0;0;0;0;0;0;0;0;0;0;0;0;0;0;0;0;0;0;0;0;0;0;0;0;0;0;0;0;0;0;0;0;0;0;0;0;0;0;0;0;0;0;0;0;0;0;0;0;0;0;0;0;0;0;0;0;0;0;0;0;0;0;0;0;0;0;0;0;0;0;0;0;0;0;0;0;0;0;0;0;0;0;0;0;0;0;0;0;0;0;0;0;0;0;0;0;0;0;0;0
 ;RANGO > 40 anos;0;0;0;0;0;0;0;0;0;0;0;0;0;0;0;0;0;0;0;0;0;0;0;0;0;0;0;0;0;0;0;0;0;0;0;0;0;0;0;0;0;0;0;0;0;0;0;0;0;0;0;0;0;0;0;0;0;0;0;0;0;0;0;0;0;0;0;0;0;0;0;0;0;0;0;0;0;0;0;0;0;0;0;0;0;0;0;0;0;0;0;0;0;0;0;0;0;0;0;0;0;0;0;0;0;0;0;0;0;0;0;0;0;0;0;0;0;0;0;0;0;0;0;0;0;0;0;0;0;0;0;0;0;0;0;0;0;0;0;0;0;0;0;0;0;0;0;0;0;0;0;0;0;0;0;0;0;0
 ;RANGO > 18 anos;0;0;0;0;0;0;0;0;0;0;0;0;0;0;0;0;0;0;0;0;0;0;0;0;0;0;0;0;0;0;0;0;0;0;0;0;0;0;0;0;0;0;0;0;0;0;0;0;0;0;0;0;0;0;0;0;0;0;0;0;0;0;0;0;0;0;0;0;0;0;0;0;0;0;0;0;0;0;0;0;0;0;0;0;0;0;0;0;0;0;0;0;0;0;0;0;0;0;0;0;0;0;0;0;0;0;0;0;0;0;0;0;0;0;0;0;0;0;0;0;0;0;0;0;0;0;0;0;0;0;0;0;0;0;0;0;0;0;0;0;0;0;0;0;0;0;0;0;0;0;0;0;0;0;0;0;0;0
 ;Total 1era Dosis;0;0;0;0;0;0;0;0;0;0;0;0;0;0;0;0;0;0;0;0;0;0;0;0;0;0;0;0;0;0;0;0;0;0;0;0;0;0;0;0;0;0;0;0;0;0;0;0;0;0;0;0;0;0;0;0;0;0;0;0;0;0;0;0;0;0;0;0;0;0;0;0;0;0;0;0;0;0;0;0;0;0;0;0;0;0;0;0;0;0;0;0;0;0;0;0;0;0;0;0;0;0;0;0;0;0;0;0;0;0;0;0;0;0;0;0;0;0;0;0;0;0;0;0;0;0;0;0;0;0;0;0;0;0;0;0;0;0;0;0;0;0;0;0;0;0;0;0;0;0;0;0;0;0;0;0;0;0
 ;Total 2da Dosis;0;0;0;0;0;0;0;0;0;0;0;0;0;0;0;0;0;0;0;0;0;0;0;0;0;0;0;0;0;0;0;0;0;0;0;0;0;0;0;0;0;0;0;0;0;0;0;0;0;0;0;0;0;0;0;0;0;0;0;0;0;0;0;0;0;0;0;0;0;0;0;0;0;0;0;0;0;0;0;0;0;0;0;0;0;0;0;0;0;0;0;0;0;0;0;0;0;0;0;0;0;0;0;0;0;0;0;0;0;0;0;0;0;0;0;0;0;0;0;0;0;0;0;0;0;0;0;0;0;0;0;0;0;0;0;0;0;0;0;0;0;0;0;0;0;0;0;0;0;0;0;0;0;0;0;0;0;0
 ;Acumulado Solicitudes Recibidas: 90000;;;;;;;;;;;;;;;;;;;;;;;;;;;;;;;;;;;;;;;;;;;;;;;;;;;;;;;;;;;;;;;;;;;;;;;;;;;;;;;;;;;;;;;;;;;;;;;;;;;;;;;;;;;;;;;;;;;;;;;;;;;;;;;;;;;;;;;;;;;;;;;;;;;;;;;;;;;;;;
Noviembre;;Artigas;;;;Colonia;;;;;;Salto;;;;;;;Rocha;;;;;;;Treinta y Tres;;;;;Soriano;;;;;;Canelones;;;;;;;;;;;;;;;;;;;;;Florida;;;;;;;;Cerro Largo;;;;Flores;;San Jose;;;;;;;;;Lavalleja;;;;;Rio Negro;;;;;;;;Tacuarembo;;;;;;;Durazno;;;;;;;;;Rivera;;;;;;Maldonado;;;;;;;Montevideo;;;;;;;;;;;;;;;;;;;;;;;;;;;;;;;;;;Paysandu;;
; Vacunas recibidas;0;;;;0;;;;;;0;;;;;;;0;;;;;;;0;;;;;0;;;;;;0;;;;;;;;;;;;;;;;;;;;;0;;;;;;;;0;;;;0;;0;;;;;;;;;0;;;;;0;;;;;;;;0;;;;;;;0;;;;;;;;;0;;;;;;0;;;;;;;0;;;;;;;;;;;;;;;;;;;;;;;;;;;;;;;;;;0;;
 ; ;Hospital ASSESubCP Bella Union;Centro Tisiologico;Auditorio Municipal;Salon Comunal;Hospital Samuel Berton CHLA-EP;Centro Auxiliar ASSE;Hospital Evangelico;Hospital ASSE;Sede secundaria CCOU;Hospital ASSE CP Rosario;Villa Constitucion ASSE;Villa Constitucion Policlinica ASSE;Sindicato Medico ;Valetin Policlinica Local;LOCAL COMERCIAL Dr Soca y Brasil;HOSPITAL DE AGUDOS;Belen Policlinica CAM;Hospital del chuy;Hospital Castillos;Hospital Lascano;COMERO; Centro Cultural La Paloma;Hospital Rocha;Hospital Chuy;Hospoital Vergara;Centro Social Democratico;Estadio Municipal Centro Empleados de Comercio;Santa Clara del Olimar Centro Auxiliar de ASSE;La Charqueada Policlinica de ASSE;Hospital Dolores;Hospital Dolores 2;Mercedes CHLAEP;Cardona CAMS;Circulo Catolico Cardona;Dolores CAMS;Vista Linda Centro de barrio;MUCAM;Country ASSE;Asoc. Espanola;Centro Salud ASSE;CAAMEPA;SAPP;Salvador Allende;Centro Cultural Casa Artigas;SMI;Municipio;Hospital Pando;COMECA;Las Piedras Circulo Catolico;Club Social;Centro Auxiliar;Aeropuerto Auto Vacunatorio;CRAMI;Polideportivo IMM Las Piedras;ASSE;CP Canelones;Cerro Colorado Policlinica;Mendoza Grande Policlinica ASSE;Hospital ASSE CP Florida CHLAEP;Capilla del Sauce Policlinica;Sub CP Sdi Grande ASSE;Club 25 de agosto;Casupa Policlinica ASSE;Policlinico COMEF;UTU Gimnasio;Club Uruguay;Plaza de Deportes;Policlinica de ASSE;Ismael Cortinas Policlinica ASSE;Plaza de Deportes;Colonia Etchepare;Comision profomento Delta del Tigre;Local ex Garelli;Club de Jubilados y Pensionistas;Ciudad Rodriguez Plaza de Deportes ;Centro Proteccion de Choferes;Club de abuelos y adultos mayores;Policlinica AMSJ;Libertad Hospital ASSE;Jose Pedro varela Centro Auxiliar;Local espacio adolescente;Jose Batlle y Ordonez Centro Auxiliar;Mariscala Policliinica CAMDEL;Minas Estadio Municipal;Plaza Las Mujeres;Young CAMY Pediatria;Young Policlinica de ASSE;Bellaco Policlinica de ASSE;Fray Bentos Hospital ASSE;San Javier Policlinia de ASSE;Pazo de la Cruz Policlinica de ASSE;Policlinica de ASSElaza Las Mujeres;Hospital de Tacuarembo ;COMPLEJO BARRIOS AMORÍN;Clinica Fisioterapia;Paso de los Toros COMTA;Villa Ansina Municipio ;Las Toscas de Caraguata Polideportivo ;San Gregorio de Polanco Centro de Salud ;CP Durazno CHALEP;CAMEDUR;Hospital Dr. Emilio Penza;Sub CP Sarandi del Yi CHLAEP;Villa del Carmen Policlinica;Policlinica Blanquillo;La Paloma Policlinica;Villa del Carmen Policlinica 2;San Jorge Policlinica;Casa de la Cultura;Hospital ASSE Minas de Corrales;COMERI;CASMER;Vichadero Policlinica ASSE;Tranqueras Policlinica de ASSE;HTAL AIGUA;Pueblo Eden Centro Comunal;Policlinica AMDM-IAMPP;CAMPUS Puesto;CEDEMCAR;Jose Ignacio Policlinica de ASSE;Hospital Pan de Azucar;ANTEL ARENA 1;Hospital Militar;ANTEL ARENA 2;UNIVERSAL;Hospital de Clinicas C;Hospital de Clinicas B;Hospital de Clinicas A;Hospital Pereira Rossell;Asociacion Espanola;ANTEL ARENA 3;C.A.P. Grupo de Artilleria No. 1;Hospital Policial;ANTEL ARENA 4;Rural del Prado;ANTEL ARENA 5;Centro de Salud Cerro;Fondo Nacional de Recursos;Colegio Medico;CASMU;Sanatorio Casa de Galicia;COSEM Malvin;Circulo Catolico;Hospital Evangelico;Asociacion Espanola 2;Hospital Britanico;SMI IMPASA;CUDAM;C.A.P. Brigada de Infanteria No. 1;Policlinica Zully Sanchez;Hospital Maciel;IMM Complejo CRECE;Medica Uruguaya;FFSP;Hospital Pasteur;Guichon Centro Auxiliar;Quebracho Policlinica;CP Paysandu CHLAEP
 ;de Riesgo;0;0;0;0;0;0;0;0;0;0;0;0;0;0;0;0;0;0;0;0;0;0;0;0;0;0;0;0;0;0;0;0;0;0;0;0;0;0;0;0;0;0;0;0;0;0;0;0;0;0;0;0;0;0;0;0;0;0;0;0;0;0;0;0;0;0;0;0;0;0;0;0;0;0;0;0;0;0;0;0;0;0;0;0;0;0;0;0;0;0;0;0;0;0;0;0;0;0;0;0;0;0;0;0;0;0;0;0;0;0;0;0;0;0;0;0;0;0;0;0;0;0;0;0;0;0;0;0;0;0;0;0;0;0;0;0;0;0;0;0;0;0;0;0;0;0;0;0;0;0;0;0;0;0;0;0;0;0
 ;RANGO > 90 anos;0;0;0;0;0;0;0;0;0;0;0;0;0;0;0;0;0;0;0;0;0;0;0;0;0;0;0;0;0;0;0;0;0;0;0;0;0;0;0;0;0;0;0;0;0;0;0;0;0;0;0;0;0;0;0;0;0;0;0;0;0;0;0;0;0;0;0;0;0;0;0;0;0;0;0;0;0;0;0;0;0;0;0;0;0;0;0;0;0;0;0;0;0;0;0;0;0;0;0;0;0;0;0;0;0;0;0;0;0;0;0;0;0;0;0;0;0;0;0;0;0;0;0;0;0;0;0;0;0;0;0;0;0;0;0;0;0;0;0;0;0;0;0;0;0;0;0;0;0;0;0;0;0;0;0;0;0;0
 ;RANGO > 80 anos;0;0;0;0;0;0;0;0;0;0;0;0;0;0;0;0;0;0;0;0;0;0;0;0;0;0;0;0;0;0;0;0;0;0;0;0;0;0;0;0;0;0;0;0;0;0;0;0;0;0;0;0;0;0;0;0;0;0;0;0;0;0;0;0;0;0;0;0;0;0;0;0;0;0;0;0;0;0;0;0;0;0;0;0;0;0;0;0;0;0;0;0;0;0;0;0;0;0;0;0;0;0;0;0;0;0;0;0;0;0;0;0;0;0;0;0;0;0;0;0;0;0;0;0;0;0;0;0;0;0;0;0;0;0;0;0;0;0;0;0;0;0;0;0;0;0;0;0;0;0;0;0;0;0;0;0;0;0
 ;RANGO > 75 anos;0;0;0;0;0;0;0;0;0;0;0;0;0;0;0;0;0;0;0;0;0;0;0;0;0;0;0;0;0;0;0;0;0;0;0;0;0;0;0;0;0;0;0;0;0;0;0;0;0;0;0;0;0;0;0;0;0;0;0;0;0;0;0;0;0;0;0;0;0;0;0;0;0;0;0;0;0;0;0;0;0;0;0;0;0;0;0;0;0;0;0;0;0;0;0;0;0;0;0;0;0;0;0;0;0;0;0;0;0;0;0;0;0;0;0;0;0;0;0;0;0;0;0;0;0;0;0;0;0;0;0;0;0;0;0;0;0;0;0;0;0;0;0;0;0;0;0;0;0;0;0;0;0;0;0;0;0;0
 ;RANGO > 60 anos;0;0;0;0;0;0;0;0;0;0;0;0;0;0;0;0;0;0;0;0;0;0;0;0;0;0;0;0;0;0;0;0;0;0;0;0;0;0;0;0;0;0;0;0;0;0;0;0;0;0;0;0;0;0;0;0;0;0;0;0;0;0;0;0;0;0;0;0;0;0;0;0;0;0;0;0;0;0;0;0;0;0;0;0;0;0;0;0;0;0;0;0;0;0;0;0;0;0;0;0;0;0;0;0;0;0;0;0;0;0;0;0;0;0;0;0;0;0;0;0;0;0;0;0;0;0;0;0;0;0;0;0;0;0;0;0;0;0;0;0;0;0;0;0;0;0;0;0;0;0;0;0;0;0;0;0;0;0
 ;RANGO > 40 anos;0;0;0;0;0;0;0;0;0;0;0;0;0;0;0;0;0;0;0;0;0;0;0;0;0;0;0;0;0;0;0;0;0;0;0;0;0;0;0;0;0;0;0;0;0;0;0;0;0;0;0;0;0;0;0;0;0;0;0;0;0;0;0;0;0;0;0;0;0;0;0;0;0;0;0;0;0;0;0;0;0;0;0;0;0;0;0;0;0;0;0;0;0;0;0;0;0;0;0;0;0;0;0;0;0;0;0;0;0;0;0;0;0;0;0;0;0;0;0;0;0;0;0;0;0;0;0;0;0;0;0;0;0;0;0;0;0;0;0;0;0;0;0;0;0;0;0;0;0;0;0;0;0;0;0;0;0;0
 ;RANGO > 18 anos;0;0;0;0;0;0;0;0;0;0;0;0;0;0;0;0;0;0;0;0;0;0;0;0;0;0;0;0;0;0;0;0;0;0;0;0;0;0;0;0;0;0;0;0;0;0;0;0;0;0;0;0;0;0;0;0;0;0;0;0;0;0;0;0;0;0;0;0;0;0;0;0;0;0;0;0;0;0;0;0;0;0;0;0;0;0;0;0;0;0;0;0;0;0;0;0;0;0;0;0;0;0;0;0;0;0;0;0;0;0;0;0;0;0;0;0;0;0;0;0;0;0;0;0;0;0;0;0;0;0;0;0;0;0;0;0;0;0;0;0;0;0;0;0;0;0;0;0;0;0;0;0;0;0;0;0;0;0
 ;Total 1era Dosis;0;0;0;0;0;0;0;0;0;0;0;0;0;0;0;0;0;0;0;0;0;0;0;0;0;0;0;0;0;0;0;0;0;0;0;0;0;0;0;0;0;0;0;0;0;0;0;0;0;0;0;0;0;0;0;0;0;0;0;0;0;0;0;0;0;0;0;0;0;0;0;0;0;0;0;0;0;0;0;0;0;0;0;0;0;0;0;0;0;0;0;0;0;0;0;0;0;0;0;0;0;0;0;0;0;0;0;0;0;0;0;0;0;0;0;0;0;0;0;0;0;0;0;0;0;0;0;0;0;0;0;0;0;0;0;0;0;0;0;0;0;0;0;0;0;0;0;0;0;0;0;0;0;0;0;0;0;0
 ;Total 2da Dosis;0;0;0;0;0;0;0;0;0;0;0;0;0;0;0;0;0;0;0;0;0;0;0;0;0;0;0;0;0;0;0;0;0;0;0;0;0;0;0;0;0;0;0;0;0;0;0;0;0;0;0;0;0;0;0;0;0;0;0;0;0;0;0;0;0;0;0;0;0;0;0;0;0;0;0;0;0;0;0;0;0;0;0;0;0;0;0;0;0;0;0;0;0;0;0;0;0;0;0;0;0;0;0;0;0;0;0;0;0;0;0;0;0;0;0;0;0;0;0;0;0;0;0;0;0;0;0;0;0;0;0;0;0;0;0;0;0;0;0;0;0;0;0;0;0;0;0;0;0;0;0;0;0;0;0;0;0;0
 ;Acumulado Solicitudes Recibidas: 90000;;;;;;;;;;;;;;;;;;;;;;;;;;;;;;;;;;;;;;;;;;;;;;;;;;;;;;;;;;;;;;;;;;;;;;;;;;;;;;;;;;;;;;;;;;;;;;;;;;;;;;;;;;;;;;;;;;;;;;;;;;;;;;;;;;;;;;;;;;;;;;;;;;;;;;;;;;;;;;
0;0;317;0;0;0;479;0;0;0;0;0;638;0;0;0;0;0;0;317;0;0;0;0;0;0;158;0;0;0;0;479;0;0;0;0;0;2576;0;0;0;0;0;0;0;0;0;0;0;0;0;0;0;0;0;0;0;0;317;0;0;0;0;0;0;0;479;0;0;0;158;0;479;0;0;0;0;0;0;0;0;317;0;0;0;0;317;0;0;0;0;0;0;0;479;0;0;0;0;0;0;317;0;0;0;0;0;0;0;0;479;0;0;0;0;0;803;0;0;0;0;0;0;6540;0;0;0;0;0;0;0;0;0;0;0;0;0;0;0;0;0;0;0;0;0;0;0;0;0;0;0;0;0;0;0;0;0;479;;
;;158;0;0;0;239;0;0;0;0;0;319;0;0;0;0;0;0;158;0;0;0;0;0;0;79;0;0;0;0;239;0;0;0;0;0;1288;0;0;0;0;0;0;0;0;0;0;0;0;0;0;0;0;0;0;0;0;158;0;0;0;0;0;0;0;239;0;0;0;79;0;239;0;0;0;0;0;0;0;0;158;0;0;0;0;158;0;0;0;0;0;0;0;239;0;0;0;0;0;0;158;0;0;0;0;0;0;0;0;239;0;0;0;0;0;401;0;0;0;0;0;0;3270;0;0;0;0;0;0;0;0;0;0;0;0;0;0;0;0;0;0;0;0;0;0;0;0;0;0;0;0;0;0;0;0;0;239;;
